Episode,Episode _Num,Segment,Traffic ,Height ,Strategy ,Coverage (%),Recovery (%),Time (s),Energy (%),,,Episode,Strategy,Traffic,Height,Coverage(%),Recovery(%),Energy(%),Time(s)
Ep_1,1.0,Calle_1 (4),Low,Low,Baseline,50.0,0.0,50.78,2.821111111,,,Ep_1,Baseline,Low,Low,"56 ± 11,48",0 ± 0,"3,08 ± 0,06","55,49 ± 1,13"
Ep_1,2.0,Calle_1,Low,Low,Baseline,55.56,0.0,55.8,3.1,,,Ep_2,Hover,Low,Low,"52,35 ± 11,89",0 ± 0,"3,09 ± 0,02","55,7 ± 0,39"
Ep_1,3.0,Calle_1 (2),Low,Low,Baseline,55.26,0.0,55.78,3.098888889,,,Ep_3,Micro,Low,Low,"60,3 ± 11,81",0 ± 0,"3,26 ± 0,07","58,68 ± 1,19"
Ep_1,4.0,Calle_1 (4),Low,Low,Baseline,62.22,0.0,55.73,3.096111111,,,Ep_4,Skip,Low,Low,"47,45 ± 11,78","1,92 ± 3,25","3,54 ± 1,16","63,66 ± 20,93"
Ep_1,5.0,Calle_1 (6),Low,Low,Baseline,52.17,0.0,56.0,3.111111111,,,Ep_5,Baseline,Low,Medium,"84,01 ± 5,72",0 ± 0,"3,04 ± 0,06","54,79 ± 1,1"
Ep_1,6.0,Calle_1 (2),Low,Low,Baseline,40.0,0.0,55.67,3.092777778,,,Ep_6,Hover,Low,Medium,"83,59 ± 7,74",0 ± 0,"3,05 ± 0,02","54,98 ± 0,45"
Ep_1,7.0,Calle_1 (6),Low,Low,Baseline,59.52,0.0,55.54,3.085555556,,,Ep_7,Micro,Low,Medium,"82,7 ± 10,47",0 ± 0,"3,26 ± 0,06","58,68 ± 1,11"
Ep_1,8.0,Calle_1,Low,Low,Baseline,73.53,0.0,55.75,3.097222222,,,Ep_8,Skip,Low,Medium,"79,63 ± 10,64","3,28 ± 5,98","3,71 ± 1,34","66,75 ± 24,09"
Ep_1,9.0,Calle_1 (5),Low,Low,Baseline,43.48,0.0,55.38,3.076666667,,,Ep_9,Baseline,Low,High,"82,82 ± 6,79",0 ± 0,"3,05 ± 0,07","54,81 ± 1,22"
Ep_1,10.0,Calle_1,Low,Low,Baseline,59.26,0.0,55.5,3.083333333,,,Ep_10,Hover,Low,High,"82,45 ± 10,29",0 ± 0,"3,06 ± 0,02","55,13 ± 0,3"
Ep_1,11.0,Calle_1 (4),Low,Low,Baseline,65.63,0.0,55.55,3.086111111,,,Ep_11,Micro,Low,High,"76,41 ± 8,83",0 ± 0,"3,26 ± 0,06","58,59 ± 1,12"
Ep_1,12.0,Calle_1,Low,Low,Baseline,43.33,0.0,55.41,3.078333333,,,Ep_12,Skip,Low,High,"77,75 ± 8,12","4,16 ± 6,82","3,64 ± 1,37","65,55 ± 24,72"
Ep_1,13.0,Calle_1 (2),Low,Low,Baseline,32.0,0.0,55.77,3.098333333,,,Ep_13,Baseline,Medium,Low,"52,37 ± 10,18",0 ± 0,"3,05 ± 0,07","54,82 ± 1,18"
Ep_1,14.0,Calle_1 (5),Low,Low,Baseline,64.29,0.0,55.93,3.107222222,,,Ep_14,Hover,Medium,Low,"53,9 ± 11,55",0 ± 0,"3,14 ± 0,14","56,53 ± 2,56"
Ep_1,15.0,Calle_1 (4),Low,Low,Baseline,59.26,0.0,56.23,3.123888889,,,Ep_15,Micro,Medium,Low,"53,58 ± 9,26",0 ± 0,"3,26 ± 0,06","58,62 ± 1,15"
Ep_1,16.0,Calle_1 (6),Low,Low,Baseline,62.07,0.0,56.13,3.118333333,,,Ep_16,Skip,Medium,Low,"51,71 ± 11,81","2,1 ± 2,51","3,71 ± 0,9","66,69 ± 16,21"
Ep_1,17.0,Calle_1,Low,Low,Baseline,71.43,0.0,55.68,3.093333333,,,Ep_17,Baseline,Medium,Medium,"84,53 ± 8,15",0 ± 0,"3,05 ± 0,05","54,85 ± 0,95"
Ep_1,18.0,Calle_1 (4),Low,Low,Baseline,48.0,0.0,55.87,3.103888889,,,Ep_18,Hover,Medium,Medium,"80,43 ± 11,01",0 ± 0,"3,05 ± 0,03","54,93 ± 0,45"
Ep_1,19.0,Calle_1 (1),Low,Low,Baseline,48.0,0.0,55.95,3.108333333,,,Ep_19,Micro,Medium,Medium,"81,82 ± 7,35",0 ± 0,"3,26 ± 0,06","58,67 ± 1,07"
Ep_1,20.0,Calle_1 (5),Low,Low,Baseline,75.0,0.0,55.41,3.078333333,,,Ep_20,Skip,Medium,Medium,"81,03 ± 9,1","3,78 ± 5,92","3,56 ± 1,3","64,02 ± 23,44"
Ep_2,1.0,Calle_1 (1),Low,Low,Hover,47.06,0.0,54.51,3.028333333,,,Ep_21,Baseline,Medium,High,"75,19 ± 11,42",0 ± 0,"3,05 ± 0,06","54,97 ± 1,07"
Ep_2,2.0,Calle_1 (4),Low,Low,Hover,39.29,0.0,56.19,3.121666667,,,Ep_22,Hover,Medium,High,"81,98 ± 9,99",0 ± 0,"3,05 ± 0,02","54,98 ± 0,43"
Ep_2,3.0,Calle_1 (1),Low,Low,Hover,48.28,0.0,55.36,3.075555556,,,Ep_23,Micro,Medium,High,"74,6 ± 10,7",0 ± 0,"3,26 ± 0,06","58,73 ± 1,01"
Ep_2,4.0,Calle_1 (5),Low,Low,Hover,60.0,0.0,55.86,3.103333333,,,Ep_24,Skip,Medium,High,"75,03 ± 11,52","4,84 ± 8,2","3,55 ± 1,33","63,92 ± 23,95"
Ep_2,5.0,Calle_1 (5),Low,Low,Hover,60.0,0.0,55.45,3.080555556,,,Ep_25,Baseline,High,Low,"50,78 ± 10,74",0 ± 0,"3,05 ± 0,06","54,87 ± 1,05"
Ep_2,6.0,Calle_1 (6),Low,Low,Hover,61.29,0.0,55.93,3.107222222,,,Ep_26,Hover,High,Low,"54,79 ± 14,08",0 ± 0,"5,08 ± 6,57","91,4 ± 118,27"
Ep_2,7.0,Calle_1 (6),Low,Low,Hover,52.63,0.0,55.57,3.087222222,,,Ep_27,Micro,High,Low,"51,8 ± 11,4",0 ± 0,"3,27 ± 0,03","58,84 ± 0,48"
Ep_2,8.0,Calle_1 (3),Low,Low,Hover,60.53,0.0,55.62,3.09,,,Ep_28,Skip,High,Low,"49,45 ± 11,22","2,55 ± 3,43","4,07 ± 1,5","73,34 ± 27,06"
Ep_2,9.0,Calle_1 (3),Low,Low,Hover,31.58,0.0,56.17,3.120555556,,,Ep_29,Baseline,High,Medium,"81,87 ± 11,16",0 ± 0,"3,05 ± 0,02","54,94 ± 0,4"
Ep_2,10.0,Calle_1,Low,Low,Hover,61.54,0.0,55.65,3.091666667,,,Ep_30,Hover,High,Medium,"81,51 ± 7,98",0 ± 0,"3,04 ± 0,06","54,79 ± 1,05"
Ep_2,11.0,Calle_1 (5),Low,Low,Hover,61.11,0.0,55.61,3.089444444,,,Ep_31,Micro,High,Medium,"79,13 ± 9,61",0 ± 0,"3,27 ± 0,03","58,78 ± 0,55"
Ep_2,12.0,Calle_1 (3),Low,Low,Hover,75.86,0.0,55.73,3.096111111,,,Ep_32,Skip,High,Medium,"74,91 ± 12,3","6,8 ± 8,96","3,96 ± 1,7","71,35 ± 30,54"
Ep_2,13.0,Calle_1 (6),Low,Low,Hover,50.0,0.0,55.84,3.102222222,,,Ep_33,Baseline,High,High,"78,28 ± 10,47",0 ± 0,"3,06 ± 0,02","54,99 ± 0,35"
Ep_2,14.0,Calle_1 (6),Low,Low,Hover,45.16,0.0,56.07,3.115,,,Ep_34,Hover,High,High,"75,53 ± 9,85",0 ± 0,"3,05 ± 0,06","54,82 ± 1,07"
Ep_2,15.0,Calle_1 (3),Low,Low,Hover,60.0,0.0,55.32,3.073333333,,,Ep_35,Micro,High,High,"73,01 ± 15,55",0 ± 0,"3,27 ± 0,03","58,87 ± 0,51"
Ep_2,16.0,Calle_1 (1),Low,Low,Hover,52.17,0.0,55.72,3.095555556,,,Ep_36,Skip,High,High,"76,84 ± 11,03","5,79 ± 8,63","3,82 ± 1,49","68,68 ± 26,74"
Ep_2,17.0,Calle_1,Low,Low,Hover,27.78,0.0,55.36,3.075555556,,,,,,,,,,
Ep_2,18.0,Calle_1 (3),Low,Low,Hover,38.46,0.0,55.98,3.11,,,,,,,,,,
Ep_2,19.0,Calle_1,Low,Low,Hover,64.29,0.0,55.84,3.102222222,,,,,,,,,,
Ep_2,20.0,Calle_1 (2),Low,Low,Hover,50.0,0.0,56.19,3.121666667,,,,,,,,,,
Ep_3,1.0,Calle_1,Low,Low,Micro,58.54,0.0,54.45,3.025,,,,,,,,,,
Ep_3,2.0,Calle_1 (5),Low,Low,Micro,72.41,0.0,59.23,3.290555556,,,,,,,,,,
Ep_3,3.0,Calle_1 (4),Low,Low,Micro,58.62,0.0,58.73,3.262777778,,,,,,,,,,
Ep_3,4.0,Calle_1 (2),Low,Low,Micro,64.29,0.0,57.98,3.221111111,,,,,,,,,,
Ep_3,5.0,Calle_1 (6),Low,Low,Micro,51.16,0.0,58.03,3.223888889,,,,,,,,,,
Ep_3,6.0,Calle_1 (5),Low,Low,Micro,47.06,0.0,57.83,3.212777778,,,,,,,,,,
Ep_3,7.0,Calle_1 (1),Low,Low,Micro,68.42,0.0,59.23,3.290555556,,,,,,,,,,
Ep_3,8.0,Calle_1,Low,Low,Micro,62.16,0.0,58.44,3.246666667,,,,,,,,,,
Ep_3,9.0,Calle_1,Low,Low,Micro,33.33,0.0,60.07,3.337222222,,,,,,,,,,
Ep_3,10.0,Calle_1 (1),Low,Low,Micro,52.17,0.0,58.99,3.277222222,,,,,,,,,,
Ep_3,11.0,Calle_1 (3),Low,Low,Micro,72.97,0.0,59.35,3.297222222,,,,,,,,,,
Ep_3,12.0,Calle_1 (4),Low,Low,Micro,56.67,0.0,59.23,3.290555556,,,,,,,,,,
Ep_3,13.0,Calle_1,Low,Low,Micro,40.0,0.0,58.36,3.242222222,,,,,,,,,,
Ep_3,14.0,Calle_1 (1),Low,Low,Micro,62.5,0.0,58.01,3.222777778,,,,,,,,,,
Ep_3,15.0,Calle_1 (3),Low,Low,Micro,56.67,0.0,59.03,3.279444444,,,,,,,,,,
Ep_3,16.0,Calle_1 (4),Low,Low,Micro,60.0,0.0,58.67,3.259444444,,,,,,,,,,
Ep_3,17.0,Calle_1 (3),Low,Low,Micro,60.87,0.0,59.99,3.332777778,,,,,,,,,,
Ep_3,18.0,Calle_1 (6),Low,Low,Micro,76.19,0.0,59.47,3.303888889,,,,,,,,,,
Ep_3,19.0,Calle_1 (2),Low,Low,Micro,78.13,0.0,59.66,3.314444444,,,,,,,,,,
Ep_3,20.0,Calle_1 (3),Low,Low,Micro,73.91,0.0,58.94,3.274444444,,,,,,,,,,
Ep_4,1.0,Calle_1,Low,Low,Skip,32.0,8.0,86.33,4.796111111,,,,,,,,,,
Ep_4,2.0,Calle_1 (4),Low,Low,Skip,60.61,0.0,41.01,2.278333333,,,,,,,,,,
Ep_4,3.0,Calle_1 (3),Low,Low,Skip,69.44,0.0,55.56,3.086666667,,,,,,,,,,
Ep_4,4.0,Calle_1 (4),Low,Low,Skip,54.55,0.0,62.99,3.499444444,,,,,,,,,,
Ep_4,5.0,Calle_1 (1),Low,Low,Skip,36.36,0.0,50.04,2.78,,,,,,,,,,
Ep_4,6.0,Calle_1 (5),Low,Low,Skip,33.33,6.67,113.01,6.278333333,,,,,,,,,,
Ep_4,7.0,Calle_1 (6),Low,Low,Skip,62.5,0.0,48.24,2.68,,,,,,,,,,
Ep_4,8.0,Calle_1 (2),Low,Low,Skip,55.26,0.0,55.23,3.068333333,,,,,,,,,,
Ep_4,9.0,Calle_1 (3),Low,Low,Skip,38.1,9.52,105.03,5.835,,,,,,,,,,
Ep_4,10.0,Calle_1 (1),Low,Low,Skip,33.33,0.0,47.07,2.615,,,,,,,,,,
Ep_4,11.0,Calle_1 (4),Low,Low,Skip,39.29,7.14,64.53,3.585,,,,,,,,,,
Ep_4,12.0,Calle_1 (4),Low,Low,Skip,40.63,0.0,52.74,2.93,,,,,,,,,,
Ep_4,13.0,Calle_1 (5),Low,Low,Skip,36.0,0.0,54.56,3.031111111,,,,,,,,,,
Ep_4,14.0,Calle_1 (5),Low,Low,Skip,51.85,3.7,72.09,4.005,,,,,,,,,,
Ep_4,15.0,Calle_1 (2),Low,Low,Skip,60.0,0.0,40.53,2.251666667,,,,,,,,,,
Ep_4,16.0,Calle_1 (6),Low,Low,Skip,52.38,0.0,55.33,3.073888889,,,,,,,,,,
Ep_4,17.0,Calle_1 (4),Low,Low,Skip,38.46,0.0,98.58,5.476666667,,,,,,,,,,
Ep_4,18.0,Calle_1 (5),Low,Low,Skip,60.0,3.33,54.34,3.018888889,,,,,,,,,,
Ep_4,19.0,Calle_1 (1),Low,Low,Skip,40.0,0.0,52.35,2.908333333,,,,,,,,,,
Ep_4,20.0,Calle_1,Low,Low,Skip,54.84,0.0,63.71,3.539444444,,,,,,,,,,
Ep_5,1.0,Calle_1 (1),Low,Medium,Baseline,88.46,0.0,50.26,2.792222222,,,,,,,,,,
Ep_5,2.0,Calle_1 (5),Low,Medium,Baseline,80.0,0.0,55.3,3.072222222,,,,,,,,,,
Ep_5,3.0,Calle_1 (6),Low,Medium,Baseline,78.13,0.0,54.61,3.033888889,,,,,,,,,,
Ep_5,4.0,Calle_1 (2),Low,Medium,Baseline,79.17,0.0,55.72,3.095555556,,,,,,,,,,
Ep_5,5.0,Calle_1 (1),Low,Medium,Baseline,92.86,0.0,55.08,3.06,,,,,,,,,,
Ep_5,6.0,Calle_1 (4),Low,Medium,Baseline,85.29,0.0,54.97,3.053888889,,,,,,,,,,
Ep_5,7.0,Calle_1 (6),Low,Medium,Baseline,88.64,0.0,54.77,3.042777778,,,,,,,,,,
Ep_5,8.0,Calle_1 (3),Low,Medium,Baseline,81.82,0.0,54.84,3.046666667,,,,,,,,,,
Ep_5,9.0,Calle_1,Low,Medium,Baseline,83.33,0.0,55.18,3.065555556,,,,,,,,,,
Ep_5,10.0,Calle_1,Low,Medium,Baseline,85.19,0.0,55.17,3.065,,,,,,,,,,
Ep_5,11.0,Calle_1 (2),Low,Medium,Baseline,78.57,0.0,54.47,3.026111111,,,,,,,,,,
Ep_5,12.0,Calle_1 (5),Low,Medium,Baseline,78.38,0.0,55.07,3.059444444,,,,,,,,,,
Ep_5,13.0,Calle_1 (6),Low,Medium,Baseline,92.0,0.0,55.17,3.065,,,,,,,,,,
Ep_5,14.0,Calle_1 (1),Low,Medium,Baseline,82.14,0.0,55.14,3.063333333,,,,,,,,,,
Ep_5,15.0,Calle_1 (6),Low,Medium,Baseline,84.38,0.0,54.87,3.048333333,,,,,,,,,,
Ep_5,16.0,Calle_1 (3),Low,Medium,Baseline,80.0,0.0,54.85,3.047222222,,,,,,,,,,
Ep_5,17.0,Calle_1 (6),Low,Medium,Baseline,76.47,0.0,55.08,3.06,,,,,,,,,,
Ep_5,18.0,Calle_1 (2),Low,Medium,Baseline,94.74,0.0,55.02,3.056666667,,,,,,,,,,
Ep_5,19.0,Calle_1 (2),Low,Medium,Baseline,78.26,0.0,54.98,3.054444444,,,,,,,,,,
Ep_5,20.0,Calle_1 (4),Low,Medium,Baseline,92.31,0.0,55.29,3.071666667,,,,,,,,,,
Ep_6,1.0,Calle_1 (2),Low,Medium,Hover,86.21,0.0,53.53,2.973888889,,,,,,,,,,
Ep_6,2.0,Calle_1 (3),Low,Medium,Hover,81.25,0.0,55.44,3.08,,,,,,,,,,
Ep_6,3.0,Calle_1 (3),Low,Medium,Hover,81.25,0.0,55.28,3.071111111,,,,,,,,,,
Ep_6,4.0,Calle_1 (4),Low,Medium,Hover,73.17,0.0,55.24,3.068888889,,,,,,,,,,
Ep_6,5.0,Calle_1 (3),Low,Medium,Hover,84.62,0.0,54.92,3.051111111,,,,,,,,,,
Ep_6,6.0,Calle_1,Low,Medium,Hover,84.85,0.0,55.02,3.056666667,,,,,,,,,,
Ep_6,7.0,Calle_1 (1),Low,Medium,Hover,91.43,0.0,54.67,3.037222222,,,,,,,,,,
Ep_6,8.0,Calle_1 (5),Low,Medium,Hover,91.43,0.0,55.34,3.074444444,,,,,,,,,,
Ep_6,9.0,Calle_1 (1),Low,Medium,Hover,73.91,0.0,54.75,3.041666667,,,,,,,,,,
Ep_6,10.0,Calle_1 (4),Low,Medium,Hover,96.77,0.0,55.57,3.087222222,,,,,,,,,,
Ep_6,11.0,Calle_1 (4),Low,Medium,Hover,75.0,0.0,55.33,3.073888889,,,,,,,,,,
Ep_6,12.0,Calle_1 (4),Low,Medium,Hover,83.33,0.0,55.63,3.090555556,,,,,,,,,,
Ep_6,13.0,Calle_1 (6),Low,Medium,Hover,72.41,0.0,54.96,3.053333333,,,,,,,,,,
Ep_6,14.0,Calle_1,Low,Medium,Hover,88.0,0.0,54.92,3.051111111,,,,,,,,,,
Ep_6,15.0,Calle_1 (6),Low,Medium,Hover,81.48,0.0,54.82,3.045555556,,,,,,,,,,
Ep_6,16.0,Calle_1,Low,Medium,Hover,80.95,0.0,54.74,3.041111111,,,,,,,,,,
Ep_6,17.0,Calle_1 (3),Low,Medium,Hover,70.59,0.0,54.74,3.041111111,,,,,,,,,,
Ep_6,18.0,Calle_1 (2),Low,Medium,Hover,90.48,0.0,54.84,3.046666667,,,,,,,,,,
Ep_6,19.0,Calle_1 (2),Low,Medium,Hover,95.45,0.0,54.85,3.047222222,,,,,,,,,,
Ep_6,20.0,Calle_1 (5),Low,Medium,Hover,89.29,0.0,55.07,3.059444444,,,,,,,,,,
Ep_7,1.0,Calle_1 (1),Low,Medium,Micro,86.84,0.0,54.75,3.041666667,,,,,,,,,,
Ep_7,2.0,Calle_1 (5),Low,Medium,Micro,91.67,0.0,59.59,3.310555556,,,,,,,,,,
Ep_7,3.0,Calle_1 (3),Low,Medium,Micro,72.22,0.0,59.19,3.288333333,,,,,,,,,,
Ep_7,4.0,Calle_1,Low,Medium,Micro,70.73,0.0,58.92,3.273333333,,,,,,,,,,
Ep_7,5.0,Calle_1 (5),Low,Medium,Micro,75.76,0.0,58.67,3.259444444,,,,,,,,,,
Ep_7,6.0,Calle_1 (5),Low,Medium,Micro,90.91,0.0,57.64,3.202222222,,,,,,,,,,
Ep_7,7.0,Calle_1 (5),Low,Medium,Micro,81.08,0.0,59.42,3.301111111,,,,,,,,,,
Ep_7,8.0,Calle_1 (3),Low,Medium,Micro,86.36,0.0,59.69,3.316111111,,,,,,,,,,
Ep_7,9.0,Calle_1 (4),Low,Medium,Micro,71.88,0.0,59.06,3.281111111,,,,,,,,,,
Ep_7,10.0,Calle_1 (5),Low,Medium,Micro,96.88,0.0,58.96,3.275555556,,,,,,,,,,
Ep_7,11.0,Calle_1 (1),Low,Medium,Micro,87.5,0.0,59.45,3.302777778,,,,,,,,,,
Ep_7,12.0,Calle_1 (1),Low,Medium,Micro,73.33,0.0,58.14,3.23,,,,,,,,,,
Ep_7,13.0,Calle_1,Low,Medium,Micro,73.68,0.0,58.17,3.231666667,,,,,,,,,,
Ep_7,14.0,Calle_1 (2),Low,Medium,Micro,84.21,0.0,58.09,3.227222222,,,,,,,,,,
Ep_7,15.0,Calle_1 (2),Low,Medium,Micro,58.33,0.0,58.98,3.276666667,,,,,,,,,,
Ep_7,16.0,Calle_1 (5),Low,Medium,Micro,90.0,0.0,58.92,3.273333333,,,,,,,,,,
Ep_7,17.0,Calle_1 (3),Low,Medium,Micro,94.12,0.0,59.84,3.324444444,,,,,,,,,,
Ep_7,18.0,Calle_1 (1),Low,Medium,Micro,82.76,0.0,58.97,3.276111111,,,,,,,,,,
Ep_7,19.0,Calle_1,Low,Medium,Micro,100.0,0.0,59.22,3.29,,,,,,,,,,
Ep_7,20.0,Calle_1,Low,Medium,Micro,85.71,0.0,57.91,3.217222222,,,,,,,,,,
Ep_8,1.0,Calle_1 (6),Low,Medium,Skip,56.0,20.0,113.52,6.306666667,,,,,,,,,,
Ep_8,2.0,Calle_1 (2),Low,Medium,Skip,93.75,0.0,49.64,2.757777778,,,,,,,,,,
Ep_8,3.0,Calle_1 (2),Low,Medium,Skip,77.5,0.0,55.46,3.081111111,,,,,,,,,,
Ep_8,4.0,Calle_1 (6),Low,Medium,Skip,76.74,4.65,71.07,3.948333333,,,,,,,,,,
Ep_8,5.0,Calle_1 (4),Low,Medium,Skip,83.33,0.0,49.38,2.743333333,,,,,,,,,,
Ep_8,6.0,Calle_1 (6),Low,Medium,Skip,73.68,7.89,100.52,5.584444444,,,,,,,,,,
Ep_8,7.0,Calle_1 (6),Low,Medium,Skip,85.71,0.0,39.11,2.172777778,,,,,,,,,,
Ep_8,8.0,Calle_1 (3),Low,Medium,Skip,78.95,0.0,54.94,3.052222222,,,,,,,,,,
Ep_8,9.0,Calle_1 (2),Low,Medium,Skip,75.86,3.45,91.36,5.075555556,,,,,,,,,,
Ep_8,10.0,Calle_1 (6),Low,Medium,Skip,90.32,0.0,42.41,2.356111111,,,,,,,,,,
Ep_8,11.0,Calle_1 (5),Low,Medium,Skip,77.14,0.0,54.94,3.052222222,,,,,,,,,,
Ep_8,12.0,Calle_1,Low,Medium,Skip,71.05,0.0,69.08,3.837777778,,,,,,,,,,
Ep_8,13.0,Calle_1 (1),Low,Medium,Skip,86.36,4.55,56.56,3.142222222,,,,,,,,,,
Ep_8,14.0,Calle_1 (3),Low,Medium,Skip,91.3,0.0,50.88,2.826666667,,,,,,,,,,
Ep_8,15.0,Calle_1 (6),Low,Medium,Skip,82.14,0.0,55.11,3.061666667,,,,,,,,,,
Ep_8,16.0,Calle_1 (3),Low,Medium,Skip,100.0,0.0,55.19,3.066111111,,,,,,,,,,
Ep_8,17.0,Calle_1,Low,Medium,Skip,59.09,18.18,109.25,6.069444444,,,,,,,,,,
Ep_8,18.0,Calle_1 (5),Low,Medium,Skip,72.73,0.0,50.88,2.826666667,,,,,,,,,,
Ep_8,19.0,Calle_1 (1),Low,Medium,Skip,78.26,0.0,55.4,3.077777778,,,,,,,,,,
Ep_8,20.0,Calle_1 (6),Low,Medium,Skip,82.76,6.9,110.37,6.131666667,,,,,,,,,,
Ep_9,1.0,Calle_1 (6),Low,High,Baseline,81.25,0.0,49.79,2.766111111,,,,,,,,,,
Ep_9,2.0,Calle_1 (1),Low,High,Baseline,92.0,0.0,54.83,3.046111111,,,,,,,,,,
Ep_9,3.0,Calle_1 (6),Low,High,Baseline,80.0,0.0,54.52,3.028888889,,,,,,,,,,
Ep_9,4.0,Calle_1,Low,High,Baseline,89.29,0.0,55.1,3.061111111,,,,,,,,,,
Ep_9,5.0,Calle_1 (3),Low,High,Baseline,82.76,0.0,55.25,3.069444444,,,,,,,,,,
Ep_9,6.0,Calle_1 (3),Low,High,Baseline,74.29,0.0,55.41,3.078333333,,,,,,,,,,
Ep_9,7.0,Calle_1 (4),Low,High,Baseline,87.88,0.0,55.29,3.071666667,,,,,,,,,,
Ep_9,8.0,Calle_1 (4),Low,High,Baseline,80.56,0.0,54.73,3.040555556,,,,,,,,,,
Ep_9,9.0,Calle_1 (6),Low,High,Baseline,96.3,0.0,55.32,3.073333333,,,,,,,,,,
Ep_9,10.0,Calle_1 (2),Low,High,Baseline,85.71,0.0,55.03,3.057222222,,,,,,,,,,
Ep_9,11.0,Calle_1 (3),Low,High,Baseline,77.14,0.0,55.23,3.068333333,,,,,,,,,,
Ep_9,12.0,Calle_1 (1),Low,High,Baseline,89.29,0.0,55.3,3.072222222,,,,,,,,,,
Ep_9,13.0,Calle_1 (1),Low,High,Baseline,73.68,0.0,55.52,3.084444444,,,,,,,,,,
Ep_9,14.0,Calle_1 (6),Low,High,Baseline,91.3,0.0,55.04,3.057777778,,,,,,,,,,
Ep_9,15.0,Calle_1,Low,High,Baseline,84.21,0.0,55.17,3.065,,,,,,,,,,
Ep_9,16.0,Calle_1 (5),Low,High,Baseline,77.14,0.0,55.25,3.069444444,,,,,,,,,,
Ep_9,17.0,Calle_1 (3),Low,High,Baseline,76.0,0.0,54.79,3.043888889,,,,,,,,,,
Ep_9,18.0,Calle_1 (4),Low,High,Baseline,76.47,0.0,55.02,3.056666667,,,,,,,,,,
Ep_9,19.0,Calle_1 (5),Low,High,Baseline,74.07,0.0,54.42,3.023333333,,,,,,,,,,
Ep_9,20.0,Calle_1 (3),Low,High,Baseline,87.1,0.0,55.2,3.066666667,,,,,,,,,,
Ep_10,1.0,Calle_1 (5),Low,High,Hover,75.0,0.0,54.13,3.007222222,,,,,,,,,,
Ep_10,2.0,Calle_1 (6),Low,High,Hover,78.79,0.0,55.12,3.062222222,,,,,,,,,,
Ep_10,3.0,Calle_1 (6),Low,High,Hover,61.76,0.0,55.31,3.072777778,,,,,,,,,,
Ep_10,4.0,Calle_1 (2),Low,High,Hover,83.78,0.0,55.49,3.082777778,,,,,,,,,,
Ep_10,5.0,Calle_1 (3),Low,High,Hover,91.18,0.0,55.08,3.06,,,,,,,,,,
Ep_10,6.0,Calle_1 (4),Low,High,Hover,86.49,0.0,55.21,3.067222222,,,,,,,,,,
Ep_10,7.0,Calle_1 (5),Low,High,Hover,86.84,0.0,55.1,3.061111111,,,,,,,,,,
Ep_10,8.0,Calle_1 (3),Low,High,Hover,72.73,0.0,55.57,3.087222222,,,,,,,,,,
Ep_10,9.0,Calle_1 (4),Low,High,Hover,85.71,0.0,55.06,3.058888889,,,,,,,,,,
Ep_10,10.0,Calle_1 (3),Low,High,Hover,76.92,0.0,54.87,3.048333333,,,,,,,,,,
Ep_10,11.0,Calle_1 (1),Low,High,Hover,78.38,0.0,54.97,3.053888889,,,,,,,,,,
Ep_10,12.0,Calle_1,Low,High,Hover,80.0,0.0,55.06,3.058888889,,,,,,,,,,
Ep_10,13.0,Calle_1 (5),Low,High,Hover,80.0,0.0,54.93,3.051666667,,,,,,,,,,
Ep_10,14.0,Calle_1,Low,High,Hover,100.0,0.0,55.25,3.069444444,,,,,,,,,,
Ep_10,15.0,Calle_1 (6),Low,High,Hover,96.88,0.0,55.28,3.071111111,,,,,,,,,,
Ep_10,16.0,Calle_1 (6),Low,High,Hover,69.7,0.0,55.42,3.078888889,,,,,,,,,,
Ep_10,17.0,Calle_1 (2),Low,High,Hover,93.75,0.0,55.25,3.069444444,,,,,,,,,,
Ep_10,18.0,Calle_1 (3),Low,High,Hover,100.0,0.0,55.03,3.057222222,,,,,,,,,,
Ep_10,19.0,Calle_1 (1),Low,High,Hover,79.17,0.0,55.15,3.063888889,,,,,,,,,,
Ep_10,20.0,Calle_1 (5),Low,High,Hover,71.88,0.0,55.41,3.078333333,,,,,,,,,,
Ep_11,1.0,Calle_1 (3),Low,High,Micro,65.85,0.0,54.36,3.02,,,,,,,,,,
Ep_11,2.0,Calle_1 (1),Low,High,Micro,67.74,0.0,59.22,3.29,,,,,,,,,,
Ep_11,3.0,Calle_1 (5),Low,High,Micro,81.82,0.0,59.21,3.289444444,,,,,,,,,,
Ep_11,4.0,Calle_1 (6),Low,High,Micro,65.0,0.0,58.76,3.264444444,,,,,,,,,,
Ep_11,5.0,Calle_1 (3),Low,High,Micro,65.71,0.0,58.24,3.235555556,,,,,,,,,,
Ep_11,6.0,Calle_1 (4),Low,High,Micro,84.85,0.0,58.6,3.255555556,,,,,,,,,,
Ep_11,7.0,Calle_1 (6),Low,High,Micro,76.47,0.0,59.24,3.291111111,,,,,,,,,,
Ep_11,8.0,Calle_1 (2),Low,High,Micro,79.49,0.0,58.9,3.272222222,,,,,,,,,,
Ep_11,9.0,Calle_1 (6),Low,High,Micro,75.0,0.0,59.35,3.297222222,,,,,,,,,,
Ep_11,10.0,Calle_1 (1),Low,High,Micro,66.67,0.0,58.98,3.276666667,,,,,,,,,,
Ep_11,11.0,Calle_1 (5),Low,High,Micro,80.0,0.0,58.75,3.263888889,,,,,,,,,,
Ep_11,12.0,Calle_1,Low,High,Micro,77.78,0.0,57.75,3.208333333,,,,,,,,,,
Ep_11,13.0,Calle_1 (3),Low,High,Micro,86.21,0.0,58.44,3.246666667,,,,,,,,,,
Ep_11,14.0,Calle_1 (2),Low,High,Micro,66.67,0.0,57.54,3.196666667,,,,,,,,,,
Ep_11,15.0,Calle_1 (2),Low,High,Micro,84.85,0.0,59.23,3.290555556,,,,,,,,,,
Ep_11,16.0,Calle_1 (4),Low,High,Micro,64.0,0.0,59.23,3.290555556,,,,,,,,,,
Ep_11,17.0,Calle_1 (3),Low,High,Micro,78.26,0.0,59.55,3.308333333,,,,,,,,,,
Ep_11,18.0,Calle_1 (3),Low,High,Micro,84.62,0.0,58.67,3.259444444,,,,,,,,,,
Ep_11,19.0,Calle_1 (4),Low,High,Micro,93.33,0.0,58.83,3.268333333,,,,,,,,,,
Ep_11,20.0,Calle_1 (4),Low,High,Micro,83.87,0.0,59.03,3.279444444,,,,,,,,,,
Ep_12,1.0,Calle_1 (1),Low,High,Skip,72.73,21.21,126.67,7.037222222,,,,,,,,,,
Ep_12,2.0,Calle_1 (1),Low,High,Skip,80.65,0.0,47.55,2.641666667,,,,,,,,,,
Ep_12,3.0,Calle_1 (5),Low,High,Skip,71.88,0.0,55.09,3.060555556,,,,,,,,,,
Ep_12,4.0,Calle_1 (4),Low,High,Skip,81.58,2.63,73.43,4.079444444,,,,,,,,,,
Ep_12,5.0,Calle_1 (6),Low,High,Skip,72.73,0.0,38.88,2.16,,,,,,,,,,
Ep_12,6.0,Calle_1 (4),Low,High,Skip,59.26,7.41,89.31,4.961666667,,,,,,,,,,
Ep_12,7.0,Calle_1 (3),Low,High,Skip,84.38,0.0,40.76,2.264444444,,,,,,,,,,
Ep_12,8.0,Calle_1 (2),Low,High,Skip,74.29,0.0,54.95,3.052777778,,,,,,,,,,
Ep_12,9.0,Calle_1,Low,High,Skip,78.95,10.53,97.97,5.442777778,,,,,,,,,,
Ep_12,10.0,Calle_1 (3),Low,High,Skip,66.67,0.0,53.02,2.945555556,,,,,,,,,,
Ep_12,11.0,Calle_1 (4),Low,High,Skip,88.89,0.0,55.22,3.067777778,,,,,,,,,,
Ep_12,12.0,Calle_1 (1),Low,High,Skip,86.11,0.0,55.21,3.067222222,,,,,,,,,,
Ep_12,13.0,Calle_1 (2),Low,High,Skip,78.95,5.26,78.01,4.333888889,,,,,,,,,,
Ep_12,14.0,Calle_1 (5),Low,High,Skip,73.91,13.04,75.67,4.203888889,,,,,,,,,,
Ep_12,15.0,Calle_1 (3),Low,High,Skip,92.0,0.0,35.38,1.965555556,,,,,,,,,,
Ep_12,16.0,Calle_1 (4),Low,High,Skip,73.53,0.0,54.83,3.046111111,,,,,,,,,,
Ep_12,17.0,Calle_1 (3),Low,High,Skip,80.0,20.0,112.98,6.276666667,,,,,,,,,,
Ep_12,18.0,Calle_1 (6),Low,High,Skip,73.08,0.0,48.2,2.677777778,,,,,,,,,,
Ep_12,19.0,Calle_1 (5),Low,High,Skip,90.32,0.0,54.74,3.041111111,,,,,,,,,,
Ep_12,20.0,Calle_1,Low,High,Skip,75.0,3.13,63.17,3.509444444,,,,,,,,,,
Ep_13,1.0,Calle_1 (5),Medium,Low,Baseline,44.44,0.0,49.9,2.772222222,,,,,,,,,,
Ep_13,2.0,Calle_1 (4),Medium,Low,Baseline,55.56,0.0,55.35,3.075,,,,,,,,,,
Ep_13,3.0,Calle_1 (6),Medium,Low,Baseline,62.5,0.0,55.1,3.061111111,,,,,,,,,,
Ep_13,4.0,Calle_1 (4),Medium,Low,Baseline,54.55,0.0,55.48,3.082222222,,,,,,,,,,
Ep_13,5.0,Calle_1,Medium,Low,Baseline,47.83,0.0,55.21,3.067222222,,,,,,,,,,
Ep_13,6.0,Calle_1 (5),Medium,Low,Baseline,53.13,0.0,55.07,3.059444444,,,,,,,,,,
Ep_13,7.0,Calle_1,Medium,Low,Baseline,67.57,0.0,55.16,3.064444444,,,,,,,,,,
Ep_13,8.0,Calle_1 (1),Medium,Low,Baseline,66.67,0.0,55.3,3.072222222,,,,,,,,,,
Ep_13,9.0,Calle_1 (5),Medium,Low,Baseline,47.06,0.0,55.01,3.056111111,,,,,,,,,,
Ep_13,10.0,Calle_1 (1),Medium,Low,Baseline,50.0,0.0,55.18,3.065555556,,,,,,,,,,
Ep_13,11.0,Calle_1 (6),Medium,Low,Baseline,46.67,0.0,54.62,3.034444444,,,,,,,,,,
Ep_13,12.0,Calle_1 (4),Medium,Low,Baseline,68.97,0.0,55.14,3.063333333,,,,,,,,,,
Ep_13,13.0,Calle_1 (4),Medium,Low,Baseline,30.0,0.0,55.18,3.065555556,,,,,,,,,,
Ep_13,14.0,Calle_1 (6),Medium,Low,Baseline,48.39,0.0,54.98,3.054444444,,,,,,,,,,
Ep_13,15.0,Calle_1 (5),Medium,Low,Baseline,58.33,0.0,54.98,3.054444444,,,,,,,,,,
Ep_13,16.0,Calle_1,Medium,Low,Baseline,63.64,0.0,54.84,3.046666667,,,,,,,,,,
Ep_13,17.0,Calle_1 (2),Medium,Low,Baseline,42.31,0.0,54.87,3.048333333,,,,,,,,,,
Ep_13,18.0,Calle_1 (2),Medium,Low,Baseline,38.1,0.0,54.85,3.047222222,,,,,,,,,,
Ep_13,19.0,Calle_1 (5),Medium,Low,Baseline,51.61,0.0,54.73,3.040555556,,,,,,,,,,
Ep_13,20.0,Calle_1,Medium,Low,Baseline,50.0,0.0,55.35,3.075,,,,,,,,,,
Ep_14,1.0,Calle_1 (2),Medium,Low,Hover,34.48,0.0,63.74,3.541111111,,,,,,,,,,
Ep_14,2.0,Calle_1,Medium,Low,Hover,50.0,0.0,54.43,3.023888889,,,,,,,,,,
Ep_14,3.0,Calle_1 (3),Medium,Low,Hover,69.23,0.0,55.35,3.075,,,,,,,,,,
Ep_14,4.0,Calle_1 (2),Medium,Low,Hover,50.0,0.0,55.15,3.063888889,,,,,,,,,,
Ep_14,5.0,Calle_1 (2),Medium,Low,Hover,43.33,0.0,54.92,3.051111111,,,,,,,,,,
Ep_14,6.0,Calle_1 (6),Medium,Low,Hover,68.29,0.0,55.21,3.067222222,,,,,,,,,,
Ep_14,7.0,Calle_1 (6),Medium,Low,Hover,56.1,0.0,55.54,3.085555556,,,,,,,,,,
Ep_14,8.0,Calle_1 (3),Medium,Low,Hover,68.0,0.0,54.77,3.042777778,,,,,,,,,,
Ep_14,9.0,Calle_1 (3),Medium,Low,Hover,46.67,0.0,60.33,3.351666667,,,,,,,,,,
Ep_14,10.0,Calle_1 (6),Medium,Low,Hover,59.46,0.0,55.24,3.068888889,,,,,,,,,,
Ep_14,11.0,Calle_1 (5),Medium,Low,Hover,50.0,0.0,55.45,3.080555556,,,,,,,,,,
Ep_14,12.0,Calle_1 (5),Medium,Low,Hover,41.18,0.0,55.27,3.070555556,,,,,,,,,,
Ep_14,13.0,Calle_1 (5),Medium,Low,Hover,60.0,0.0,55.62,3.09,,,,,,,,,,
Ep_14,14.0,Calle_1 (1),Medium,Low,Hover,40.63,0.0,54.74,3.041111111,,,,,,,,,,
Ep_14,15.0,Calle_1 (2),Medium,Low,Hover,55.88,0.0,59.68,3.315555556,,,,,,,,,,
Ep_14,16.0,Calle_1 (3),Medium,Low,Hover,71.43,0.0,55.18,3.065555556,,,,,,,,,,
Ep_14,17.0,Calle_1 (2),Medium,Low,Hover,59.26,0.0,55.44,3.08,,,,,,,,,,
Ep_14,18.0,Calle_1 (1),Medium,Low,Hover,55.56,0.0,59.79,3.321666667,,,,,,,,,,
Ep_14,19.0,Calle_1,Medium,Low,Hover,65.22,0.0,59.41,3.300555556,,,,,,,,,,
Ep_14,20.0,Calle_1 (1),Medium,Low,Hover,33.33,0.0,55.25,3.069444444,,,,,,,,,,
Ep_15,1.0,Calle_1 (5),Medium,Low,Micro,59.09,0.0,54.45,3.025,,,,,,,,,,
Ep_15,2.0,Calle_1 (4),Medium,Low,Micro,60.71,0.0,58.94,3.274444444,,,,,,,,,,
Ep_15,3.0,Calle_1 (1),Medium,Low,Micro,45.83,0.0,58.71,3.261666667,,,,,,,,,,
Ep_15,4.0,Calle_1 (1),Medium,Low,Micro,57.5,0.0,59.45,3.302777778,,,,,,,,,,
Ep_15,5.0,Calle_1 (3),Medium,Low,Micro,66.67,0.0,59.56,3.308888889,,,,,,,,,,
Ep_15,6.0,Calle_1,Medium,Low,Micro,57.14,0.0,59.21,3.289444444,,,,,,,,,,
Ep_15,7.0,Calle_1 (6),Medium,Low,Micro,46.15,0.0,59.18,3.287777778,,,,,,,,,,
Ep_15,8.0,Calle_1,Medium,Low,Micro,55.17,0.0,57.82,3.212222222,,,,,,,,,,
Ep_15,9.0,Calle_1,Medium,Low,Micro,39.29,0.0,58.23,3.235,,,,,,,,,,
Ep_15,10.0,Calle_1 (1),Medium,Low,Micro,46.88,0.0,59.28,3.293333333,,,,,,,,,,
Ep_15,11.0,Calle_1 (2),Medium,Low,Micro,58.33,0.0,58.61,3.256111111,,,,,,,,,,
Ep_15,12.0,Calle_1 (3),Medium,Low,Micro,50.0,0.0,59.72,3.317777778,,,,,,,,,,
Ep_15,13.0,Calle_1 (1),Medium,Low,Micro,47.62,0.0,59.1,3.283333333,,,,,,,,,,
Ep_15,14.0,Calle_1 (2),Medium,Low,Micro,71.43,0.0,59.24,3.291111111,,,,,,,,,,
Ep_15,15.0,Calle_1 (3),Medium,Low,Micro,57.14,0.0,57.98,3.221111111,,,,,,,,,,
Ep_15,16.0,Calle_1,Medium,Low,Micro,35.0,0.0,57.9,3.216666667,,,,,,,,,,
Ep_15,17.0,Calle_1 (1),Medium,Low,Micro,44.44,0.0,57.84,3.213333333,,,,,,,,,,
Ep_15,18.0,Calle_1 (6),Medium,Low,Micro,51.52,0.0,59.04,3.28,,,,,,,,,,
Ep_15,19.0,Calle_1,Medium,Low,Micro,65.38,0.0,58.72,3.262222222,,,,,,,,,,
Ep_15,20.0,Calle_1 (6),Medium,Low,Micro,56.25,0.0,59.47,3.303888889,,,,,,,,,,
Ep_16,1.0,Calle_1 (1),Medium,Low,Skip,48.48,6.06,98.1,5.45,,,,,,,,,,
Ep_16,2.0,Calle_1 (5),Medium,Low,Skip,55.56,4.44,83.52,4.64,,,,,,,,,,
Ep_16,3.0,Calle_1,Medium,Low,Skip,60.0,2.86,48.09,2.671666667,,,,,,,,,,
Ep_16,4.0,Calle_1,Medium,Low,Skip,40.74,3.7,98.28,5.46,,,,,,,,,,
Ep_16,5.0,Calle_1 (1),Medium,Low,Skip,51.52,0.0,59.43,3.301666667,,,,,,,,,,
Ep_16,6.0,Calle_1 (6),Medium,Low,Skip,59.46,0.0,49.15,2.730555556,,,,,,,,,,
Ep_16,7.0,Calle_1 (2),Medium,Low,Skip,52.94,5.88,71.64,3.98,,,,,,,,,,
Ep_16,8.0,Calle_1,Medium,Low,Skip,55.56,0.0,51.54,2.863333333,,,,,,,,,,
Ep_16,9.0,Calle_1,Medium,Low,Skip,58.62,0.0,47.65,2.647222222,,,,,,,,,,
Ep_16,10.0,Calle_1 (1),Medium,Low,Skip,67.74,0.0,55.08,3.06,,,,,,,,,,
Ep_16,11.0,Calle_1 (5),Medium,Low,Skip,50.0,0.0,54.91,3.050555556,,,,,,,,,,
Ep_16,12.0,Calle_1 (4),Medium,Low,Skip,50.0,0.0,73.82,4.101111111,,,,,,,,,,
Ep_16,13.0,Calle_1,Medium,Low,Skip,39.13,4.35,51.13,2.840555556,,,,,,,,,,
Ep_16,14.0,Calle_1 (3),Medium,Low,Skip,59.38,0.0,62.09,3.449444444,,,,,,,,,,
Ep_16,15.0,Calle_1 (2),Medium,Low,Skip,46.15,5.13,80.41,4.467222222,,,,,,,,,,
Ep_16,16.0,Calle_1 (2),Medium,Low,Skip,14.29,0.0,53.63,2.979444444,,,,,,,,,,
Ep_16,17.0,Calle_1 (3),Medium,Low,Skip,68.42,0.0,74.05,4.113888889,,,,,,,,,,
Ep_16,18.0,Calle_1 (6),Medium,Low,Skip,59.09,0.0,86.72,4.817777778,,,,,,,,,,
Ep_16,19.0,Calle_1 (5),Medium,Low,Skip,53.33,3.33,66.79,3.710555556,,,,,,,,,,
Ep_16,20.0,Calle_1 (2),Medium,Low,Skip,43.75,6.25,67.78,3.765555556,,,,,,,,,,
Ep_17,1.0,Calle_1,Medium,Medium,Baseline,87.88,0.0,50.97,2.831666667,,,,,,,,,,
Ep_17,2.0,Calle_1 (6),Medium,Medium,Baseline,93.1,0.0,54.71,3.039444444,,,,,,,,,,
Ep_17,3.0,Calle_1,Medium,Medium,Baseline,89.47,0.0,55.23,3.068333333,,,,,,,,,,
Ep_17,4.0,Calle_1 (6),Medium,Medium,Baseline,85.19,0.0,55.36,3.075555556,,,,,,,,,,
Ep_17,5.0,Calle_1,Medium,Medium,Baseline,87.18,0.0,55.14,3.063333333,,,,,,,,,,
Ep_17,6.0,Calle_1 (3),Medium,Medium,Baseline,86.49,0.0,54.81,3.045,,,,,,,,,,
Ep_17,7.0,Calle_1,Medium,Medium,Baseline,85.19,0.0,55.29,3.071666667,,,,,,,,,,
Ep_17,8.0,Calle_1 (4),Medium,Medium,Baseline,73.68,0.0,55.4,3.077777778,,,,,,,,,,
Ep_17,9.0,Calle_1 (6),Medium,Medium,Baseline,76.67,0.0,54.96,3.053333333,,,,,,,,,,
Ep_17,10.0,Calle_1 (4),Medium,Medium,Baseline,85.71,0.0,54.96,3.053333333,,,,,,,,,,
Ep_17,11.0,Calle_1 (5),Medium,Medium,Baseline,75.76,0.0,55.17,3.065,,,,,,,,,,
Ep_17,12.0,Calle_1 (4),Medium,Medium,Baseline,74.19,0.0,54.4,3.022222222,,,,,,,,,,
Ep_17,13.0,Calle_1,Medium,Medium,Baseline,70.97,0.0,54.85,3.047222222,,,,,,,,,,
Ep_17,14.0,Calle_1 (1),Medium,Medium,Baseline,76.47,0.0,54.85,3.047222222,,,,,,,,,,
Ep_17,15.0,Calle_1 (4),Medium,Medium,Baseline,82.76,0.0,55.1,3.061111111,,,,,,,,,,
Ep_17,16.0,Calle_1 (1),Medium,Medium,Baseline,94.12,0.0,55.06,3.058888889,,,,,,,,,,
Ep_17,17.0,Calle_1,Medium,Medium,Baseline,95.65,0.0,55.38,3.076666667,,,,,,,,,,
Ep_17,18.0,Calle_1 (5),Medium,Medium,Baseline,79.17,0.0,55.51,3.083888889,,,,,,,,,,
Ep_17,19.0,Calle_1 (3),Medium,Medium,Baseline,90.91,0.0,54.89,3.049444444,,,,,,,,,,
Ep_17,20.0,Calle_1 (5),Medium,Medium,Baseline,100.0,0.0,54.97,3.053888889,,,,,,,,,,
Ep_18,1.0,Calle_1,Medium,Medium,Hover,88.24,0.0,53.58,2.976666667,,,,,,,,,,
Ep_18,2.0,Calle_1 (4),Medium,Medium,Hover,83.78,0.0,54.43,3.023888889,,,,,,,,,,
Ep_18,3.0,Calle_1 (1),Medium,Medium,Hover,80.0,0.0,55.09,3.060555556,,,,,,,,,,
Ep_18,4.0,Calle_1 (5),Medium,Medium,Hover,72.0,0.0,54.91,3.050555556,,,,,,,,,,
Ep_18,5.0,Calle_1 (1),Medium,Medium,Hover,86.11,0.0,55.17,3.065,,,,,,,,,,
Ep_18,6.0,Calle_1 (2),Medium,Medium,Hover,64.86,0.0,54.8,3.044444444,,,,,,,,,,
Ep_18,7.0,Calle_1,Medium,Medium,Hover,80.0,0.0,55.32,3.073333333,,,,,,,,,,
Ep_18,8.0,Calle_1 (2),Medium,Medium,Hover,76.92,0.0,54.54,3.03,,,,,,,,,,
Ep_18,9.0,Calle_1 (4),Medium,Medium,Hover,64.0,0.0,55.27,3.070555556,,,,,,,,,,
Ep_18,10.0,Calle_1 (6),Medium,Medium,Hover,84.38,0.0,54.57,3.031666667,,,,,,,,,,
Ep_18,11.0,Calle_1 (4),Medium,Medium,Hover,100.0,0.0,54.86,3.047777778,,,,,,,,,,
Ep_18,12.0,Calle_1 (1),Medium,Medium,Hover,76.19,0.0,55.15,3.063888889,,,,,,,,,,
Ep_18,13.0,Calle_1 (6),Medium,Medium,Hover,86.49,0.0,55.31,3.072777778,,,,,,,,,,
Ep_18,14.0,Calle_1 (4),Medium,Medium,Hover,59.26,0.0,54.98,3.054444444,,,,,,,,,,
Ep_18,15.0,Calle_1 (3),Medium,Medium,Hover,81.08,0.0,55.38,3.076666667,,,,,,,,,,
Ep_18,16.0,Calle_1,Medium,Medium,Hover,96.15,0.0,54.91,3.050555556,,,,,,,,,,
Ep_18,17.0,Calle_1 (2),Medium,Medium,Hover,86.36,0.0,55.71,3.095,,,,,,,,,,
Ep_18,18.0,Calle_1 (3),Medium,Medium,Hover,87.5,0.0,54.87,3.048333333,,,,,,,,,,
Ep_18,19.0,Calle_1 (6),Medium,Medium,Hover,90.91,0.0,55.19,3.066111111,,,,,,,,,,
Ep_18,20.0,Calle_1 (3),Medium,Medium,Hover,64.29,0.0,54.63,3.035,,,,,,,,,,
Ep_19,1.0,Calle_1 (3),Medium,Medium,Micro,64.71,0.0,54.64,3.035555556,,,,,,,,,,
Ep_19,2.0,Calle_1 (6),Medium,Medium,Micro,72.41,0.0,58.66,3.258888889,,,,,,,,,,
Ep_19,3.0,Calle_1 (5),Medium,Medium,Micro,85.71,0.0,59.01,3.278333333,,,,,,,,,,
Ep_19,4.0,Calle_1 (1),Medium,Medium,Micro,89.47,0.0,59.67,3.315,,,,,,,,,,
Ep_19,5.0,Calle_1 (2),Medium,Medium,Micro,81.08,0.0,59.06,3.281111111,,,,,,,,,,
Ep_19,6.0,Calle_1 (4),Medium,Medium,Micro,76.67,0.0,59.09,3.282777778,,,,,,,,,,
Ep_19,7.0,Calle_1 (2),Medium,Medium,Micro,86.11,0.0,58.31,3.239444444,,,,,,,,,,
Ep_19,8.0,Calle_1 (6),Medium,Medium,Micro,78.05,0.0,58.27,3.237222222,,,,,,,,,,
Ep_19,9.0,Calle_1 (4),Medium,Medium,Micro,83.33,0.0,58.18,3.232222222,,,,,,,,,,
Ep_19,10.0,Calle_1 (5),Medium,Medium,Micro,73.08,0.0,58.84,3.268888889,,,,,,,,,,
Ep_19,11.0,Calle_1 (1),Medium,Medium,Micro,73.17,0.0,58.84,3.268888889,,,,,,,,,,
Ep_19,12.0,Calle_1 (3),Medium,Medium,Micro,94.74,0.0,59.87,3.326111111,,,,,,,,,,
Ep_19,13.0,Calle_1 (4),Medium,Medium,Micro,78.26,0.0,58.98,3.276666667,,,,,,,,,,
Ep_19,14.0,Calle_1 (2),Medium,Medium,Micro,82.14,0.0,59.06,3.281111111,,,,,,,,,,
Ep_19,15.0,Calle_1 (1),Medium,Medium,Micro,81.25,0.0,59.06,3.281111111,,,,,,,,,,
Ep_19,16.0,Calle_1,Medium,Medium,Micro,86.96,0.0,58.15,3.230555556,,,,,,,,,,
Ep_19,17.0,Calle_1,Medium,Medium,Micro,82.76,0.0,58.26,3.236666667,,,,,,,,,,
Ep_19,18.0,Calle_1 (6),Medium,Medium,Micro,87.5,0.0,58.68,3.26,,,,,,,,,,
Ep_19,19.0,Calle_1 (6),Medium,Medium,Micro,88.46,0.0,58.98,3.276666667,,,,,,,,,,
Ep_19,20.0,Calle_1 (4),Medium,Medium,Micro,90.48,0.0,59.74,3.318888889,,,,,,,,,,
Ep_20,1.0,Calle_1 (4),Medium,Medium,Skip,83.87,0.0,53.54,2.974444444,,,,,,,,,,
Ep_20,2.0,Calle_1 (5),Medium,Medium,Skip,86.05,0.0,61.15,3.397222222,,,,,,,,,,
Ep_20,3.0,Calle_1 (6),Medium,Medium,Skip,94.12,0.0,51.54,2.863333333,,,,,,,,,,
Ep_20,4.0,Calle_1 (3),Medium,Medium,Skip,69.23,15.38,102.71,5.706111111,,,,,,,,,,
Ep_20,5.0,Calle_1 (2),Medium,Medium,Skip,86.84,0.0,39.01,2.167222222,,,,,,,,,,
Ep_20,6.0,Calle_1 (3),Medium,Medium,Skip,83.33,3.33,92.04,5.113333333,,,,,,,,,,
Ep_20,7.0,Calle_1 (2),Medium,Medium,Skip,82.61,0.0,33.4,1.855555556,,,,,,,,,,
Ep_20,8.0,Calle_1 (1),Medium,Medium,Skip,91.67,0.0,55.07,3.059444444,,,,,,,,,,
Ep_20,9.0,Calle_1 (1),Medium,Medium,Skip,77.42,3.23,75.03,4.168333333,,,,,,,,,,
Ep_20,10.0,Calle_1 (2),Medium,Medium,Skip,75.0,2.78,80.55,4.475,,,,,,,,,,
Ep_20,11.0,Calle_1 (5),Medium,Medium,Skip,86.49,0.0,32.26,1.792222222,,,,,,,,,,
Ep_20,12.0,Calle_1 (5),Medium,Medium,Skip,82.35,0.0,71.2,3.955555556,,,,,,,,,,
Ep_20,13.0,Calle_1 (3),Medium,Medium,Skip,83.33,0.0,41.8,2.322222222,,,,,,,,,,
Ep_20,14.0,Calle_1 (2),Medium,Medium,Skip,65.52,13.79,91.91,5.106111111,,,,,,,,,,
Ep_20,15.0,Calle_1 (6),Medium,Medium,Skip,65.79,7.89,72.27,4.015,,,,,,,,,,
Ep_20,16.0,Calle_1 (3),Medium,Medium,Skip,77.78,0.0,42.59,2.366111111,,,,,,,,,,
Ep_20,17.0,Calle_1 (2),Medium,Medium,Skip,100.0,0.0,76.23,4.235,,,,,,,,,,
Ep_20,18.0,Calle_1 (4),Medium,Medium,Skip,83.33,12.5,72.21,4.011666667,,,,,,,,,,
Ep_20,19.0,Calle_1 (5),Medium,Medium,Skip,75.0,0.0,30.91,1.717222222,,,,,,,,,,
Ep_20,20.0,Calle_1 (5),Medium,Medium,Skip,70.83,16.67,104.89,5.827222222,,,,,,,,,,
Ep_21,1.0,Calle_1 (4),Medium,High,Baseline,63.33,0.0,50.57,2.809444444,,,,,,,,,,
Ep_21,2.0,Calle_1 (6),Medium,High,Baseline,82.76,0.0,54.97,3.053888889,,,,,,,,,,
Ep_21,3.0,Calle_1 (2),Medium,High,Baseline,67.74,0.0,55.25,3.069444444,,,,,,,,,,
Ep_21,4.0,Calle_1 (3),Medium,High,Baseline,70.83,0.0,55.06,3.058888889,,,,,,,,,,
Ep_21,5.0,Calle_1 (6),Medium,High,Baseline,66.67,0.0,55.51,3.083888889,,,,,,,,,,
Ep_21,6.0,Calle_1 (6),Medium,High,Baseline,75.0,0.0,54.8,3.044444444,,,,,,,,,,
Ep_21,7.0,Calle_1 (1),Medium,High,Baseline,83.33,0.0,55.33,3.073888889,,,,,,,,,,
Ep_21,8.0,Calle_1 (3),Medium,High,Baseline,83.33,0.0,54.96,3.053333333,,,,,,,,,,
Ep_21,9.0,Calle_1 (2),Medium,High,Baseline,73.53,0.0,55.6,3.088888889,,,,,,,,,,
Ep_21,10.0,Calle_1 (1),Medium,High,Baseline,55.26,0.0,55.72,3.095555556,,,,,,,,,,
Ep_21,11.0,Calle_1 (1),Medium,High,Baseline,65.22,0.0,55.25,3.069444444,,,,,,,,,,
Ep_21,12.0,Calle_1 (1),Medium,High,Baseline,75.86,0.0,55.52,3.084444444,,,,,,,,,,
Ep_21,13.0,Calle_1,Medium,High,Baseline,69.23,0.0,55.4,3.077777778,,,,,,,,,,
Ep_21,14.0,Calle_1 (3),Medium,High,Baseline,88.57,0.0,54.75,3.041666667,,,,,,,,,,
Ep_21,15.0,Calle_1 (3),Medium,High,Baseline,92.31,0.0,54.91,3.050555556,,,,,,,,,,
Ep_21,16.0,Calle_1 (4),Medium,High,Baseline,73.68,0.0,55.12,3.062222222,,,,,,,,,,
Ep_21,17.0,Calle_1 (2),Medium,High,Baseline,78.57,0.0,55.32,3.073333333,,,,,,,,,,
Ep_21,18.0,Calle_1 (2),Medium,High,Baseline,57.14,0.0,54.97,3.053888889,,,,,,,,,,
Ep_21,19.0,Calle_1 (4),Medium,High,Baseline,81.48,0.0,55.4,3.077777778,,,,,,,,,,
Ep_21,20.0,Calle_1,Medium,High,Baseline,100.0,0.0,55.0,3.055555556,,,,,,,,,,
Ep_22,1.0,Calle_1,Medium,High,Hover,77.5,0.0,53.57,2.976111111,,,,,,,,,,
Ep_22,2.0,Calle_1 (3),Medium,High,Hover,80.0,0.0,55.07,3.059444444,,,,,,,,,,
Ep_22,3.0,Calle_1 (1),Medium,High,Hover,89.13,0.0,55.51,3.083888889,,,,,,,,,,
Ep_22,4.0,Calle_1 (3),Medium,High,Hover,83.33,0.0,54.77,3.042777778,,,,,,,,,,
Ep_22,5.0,Calle_1 (5),Medium,High,Hover,96.43,0.0,55.15,3.063888889,,,,,,,,,,
Ep_22,6.0,Calle_1 (6),Medium,High,Hover,72.73,0.0,54.7,3.038888889,,,,,,,,,,
Ep_22,7.0,Calle_1,Medium,High,Hover,72.73,0.0,55.19,3.066111111,,,,,,,,,,
Ep_22,8.0,Calle_1 (2),Medium,High,Hover,67.86,0.0,54.66,3.036666667,,,,,,,,,,
Ep_22,9.0,Calle_1 (6),Medium,High,Hover,76.0,0.0,55.55,3.086111111,,,,,,,,,,
Ep_22,10.0,Calle_1 (3),Medium,High,Hover,82.35,0.0,54.85,3.047222222,,,,,,,,,,
Ep_22,11.0,Calle_1 (6),Medium,High,Hover,89.19,0.0,55.27,3.070555556,,,,,,,,,,
Ep_22,12.0,Calle_1,Medium,High,Hover,100.0,0.0,54.8,3.044444444,,,,,,,,,,
Ep_22,13.0,Calle_1 (4),Medium,High,Hover,81.48,0.0,55.28,3.071111111,,,,,,,,,,
Ep_22,14.0,Calle_1 (2),Medium,High,Hover,67.74,0.0,55.39,3.077222222,,,,,,,,,,
Ep_22,15.0,Calle_1 (3),Medium,High,Hover,79.07,0.0,55.13,3.062777778,,,,,,,,,,
Ep_22,16.0,Calle_1 (4),Medium,High,Hover,88.89,0.0,54.98,3.054444444,,,,,,,,,,
Ep_22,17.0,Calle_1 (6),Medium,High,Hover,69.57,0.0,55.01,3.056111111,,,,,,,,,,
Ep_22,18.0,Calle_1 (4),Medium,High,Hover,76.19,0.0,54.85,3.047222222,,,,,,,,,,
Ep_22,19.0,Calle_1 (1),Medium,High,Hover,89.47,0.0,55.31,3.072777778,,,,,,,,,,
Ep_22,20.0,Calle_1 (4),Medium,High,Hover,100.0,0.0,54.65,3.036111111,,,,,,,,,,
Ep_23,1.0,Calle_1 (4),Medium,High,Micro,66.67,0.0,55.16,3.064444444,,,,,,,,,,
Ep_23,2.0,Calle_1 (3),Medium,High,Micro,50.0,0.0,58.3,3.238888889,,,,,,,,,,
Ep_23,3.0,Calle_1 (6),Medium,High,Micro,81.48,0.0,58.9,3.272222222,,,,,,,,,,
Ep_23,4.0,Calle_1 (3),Medium,High,Micro,73.33,0.0,59.33,3.296111111,,,,,,,,,,
Ep_23,5.0,Calle_1 (4),Medium,High,Micro,67.57,0.0,59.26,3.292222222,,,,,,,,,,
Ep_23,6.0,Calle_1 (4),Medium,High,Micro,81.08,0.0,59.28,3.293333333,,,,,,,,,,
Ep_23,7.0,Calle_1 (2),Medium,High,Micro,83.33,0.0,59.26,3.292222222,,,,,,,,,,
Ep_23,8.0,Calle_1,Medium,High,Micro,75.86,0.0,58.21,3.233888889,,,,,,,,,,
Ep_23,9.0,Calle_1 (6),Medium,High,Micro,78.26,0.0,57.84,3.213333333,,,,,,,,,,
Ep_23,10.0,Calle_1 (4),Medium,High,Micro,79.31,0.0,59.36,3.297777778,,,,,,,,,,
Ep_23,11.0,Calle_1 (5),Medium,High,Micro,69.7,0.0,59.32,3.295555556,,,,,,,,,,
Ep_23,12.0,Calle_1 (3),Medium,High,Micro,76.0,0.0,59.91,3.328333333,,,,,,,,,,
Ep_23,13.0,Calle_1 (2),Medium,High,Micro,76.0,0.0,59.19,3.288333333,,,,,,,,,,
Ep_23,14.0,Calle_1 (6),Medium,High,Micro,62.5,0.0,58.94,3.274444444,,,,,,,,,,
Ep_23,15.0,Calle_1 (5),Medium,High,Micro,100.0,0.0,58.81,3.267222222,,,,,,,,,,
Ep_23,16.0,Calle_1,Medium,High,Micro,80.0,0.0,58.14,3.23,,,,,,,,,,
Ep_23,17.0,Calle_1 (2),Medium,High,Micro,83.33,0.0,57.93,3.218333333,,,,,,,,,,
Ep_23,18.0,Calle_1,Medium,High,Micro,63.16,0.0,58.97,3.276111111,,,,,,,,,,
Ep_23,19.0,Calle_1 (6),Medium,High,Micro,62.5,0.0,58.81,3.267222222,,,,,,,,,,
Ep_23,20.0,Calle_1 (3),Medium,High,Micro,81.82,0.0,59.6,3.311111111,,,,,,,,,,
Ep_24,1.0,Calle_1 (4),Medium,High,Skip,76.0,4.0,68.14,3.785555556,,,,,,,,,,
Ep_24,2.0,Calle_1 (6),Medium,High,Skip,75.0,0.0,41.88,2.326666667,,,,,,,,,,
Ep_24,3.0,Calle_1,Medium,High,Skip,65.22,0.0,55.12,3.062222222,,,,,,,,,,
Ep_24,4.0,Calle_1,Medium,High,Skip,75.0,9.38,86.79,4.821666667,,,,,,,,,,
Ep_24,5.0,Calle_1 (3),Medium,High,Skip,65.38,0.0,38.78,2.154444444,,,,,,,,,,
Ep_24,6.0,Calle_1 (5),Medium,High,Skip,56.76,18.92,108.45,6.025,,,,,,,,,,
Ep_24,7.0,Calle_1 (6),Medium,High,Skip,76.74,0.0,40.63,2.257222222,,,,,,,,,,
Ep_24,8.0,Calle_1,Medium,High,Skip,75.0,0.0,54.84,3.046666667,,,,,,,,,,
Ep_24,9.0,Calle_1 (1),Medium,High,Skip,87.88,0.0,55.44,3.08,,,,,,,,,,
Ep_24,10.0,Calle_1 (2),Medium,High,Skip,83.87,0.0,54.65,3.036111111,,,,,,,,,,
Ep_24,11.0,Calle_1 (1),Medium,High,Skip,92.31,0.0,55.49,3.082777778,,,,,,,,,,
Ep_24,12.0,Calle_1,Medium,High,Skip,80.0,6.67,79.03,4.390555556,,,,,,,,,,
Ep_24,13.0,Calle_1 (2),Medium,High,Skip,76.67,0.0,42.48,2.36,,,,,,,,,,
Ep_24,14.0,Calle_1 (3),Medium,High,Skip,51.52,18.18,107.34,5.963333333,,,,,,,,,,
Ep_24,15.0,Calle_1 (4),Medium,High,Skip,76.92,0.0,47.31,2.628333333,,,,,,,,,,
Ep_24,16.0,Calle_1 (5),Medium,High,Skip,77.27,0.0,54.63,3.035,,,,,,,,,,
Ep_24,17.0,Calle_1 (2),Medium,High,Skip,84.0,4.0,66.51,3.695,,,,,,,,,,
Ep_24,18.0,Calle_1 (6),Medium,High,Skip,77.42,6.45,72.46,4.025555556,,,,,,,,,,
Ep_24,19.0,Calle_1 (1),Medium,High,Skip,93.55,0.0,34.84,1.935555556,,,,,,,,,,
Ep_24,20.0,Calle_1 (1),Medium,High,Skip,54.17,29.17,113.59,6.310555556,,,,,,,,,,
Ep_25,1.0,Calle_1 (2),High,Low,Baseline,48.84,0.0,50.55,2.808333333,,,,,,,,,,
Ep_25,2.0,Calle_1 (2),High,Low,Baseline,44.12,0.0,55.2,3.066666667,,,,,,,,,,
Ep_25,3.0,Calle_1 (3),High,Low,Baseline,55.56,0.0,55.17,3.065,,,,,,,,,,
Ep_25,4.0,Calle_1,High,Low,Baseline,44.0,0.0,54.51,3.028333333,,,,,,,,,,
Ep_25,5.0,Calle_1 (6),High,Low,Baseline,46.43,0.0,55.25,3.069444444,,,,,,,,,,
Ep_25,6.0,Calle_1,High,Low,Baseline,54.84,0.0,55.02,3.056666667,,,,,,,,,,
Ep_25,7.0,Calle_1 (4),High,Low,Baseline,53.13,0.0,55.24,3.068888889,,,,,,,,,,
Ep_25,8.0,Calle_1 (3),High,Low,Baseline,43.48,0.0,55.09,3.060555556,,,,,,,,,,
Ep_25,9.0,Calle_1 (4),High,Low,Baseline,76.47,0.0,55.49,3.082777778,,,,,,,,,,
Ep_25,10.0,Calle_1 (5),High,Low,Baseline,42.86,0.0,54.94,3.052222222,,,,,,,,,,
Ep_25,11.0,Calle_1 (4),High,Low,Baseline,58.33,0.0,55.17,3.065,,,,,,,,,,
Ep_25,12.0,Calle_1 (5),High,Low,Baseline,28.0,0.0,54.94,3.052222222,,,,,,,,,,
Ep_25,13.0,Calle_1 (2),High,Low,Baseline,63.64,0.0,55.26,3.07,,,,,,,,,,
Ep_25,14.0,Calle_1,High,Low,Baseline,52.63,0.0,54.82,3.045555556,,,,,,,,,,
Ep_25,15.0,Calle_1,High,Low,Baseline,62.5,0.0,55.28,3.071111111,,,,,,,,,,
Ep_25,16.0,Calle_1 (3),High,Low,Baseline,33.33,0.0,55.0,3.055555556,,,,,,,,,,
Ep_25,17.0,Calle_1,High,Low,Baseline,50.0,0.0,55.14,3.063333333,,,,,,,,,,
Ep_25,18.0,Calle_1 (6),High,Low,Baseline,57.14,0.0,54.84,3.046666667,,,,,,,,,,
Ep_25,19.0,Calle_1 (3),High,Low,Baseline,46.43,0.0,55.62,3.09,,,,,,,,,,
Ep_25,20.0,Calle_1 (4),High,Low,Baseline,53.85,0.0,54.82,3.045555556,,,,,,,,,,
Ep_26,1.0,Calle_1 (2),High,Low,Hover,43.59,0.0,50.55,2.808333333,,,,,,,,,,
Ep_26,2.0,Calle_1 (4),High,Low,Hover,48.57,0.0,54.75,3.041666667,,,,,,,,,,
Ep_26,3.0,Calle_1 (1),High,Low,Hover,43.33,0.0,60.17,3.342777778,,,,,,,,,,
Ep_26,4.0,Calle_1,High,Low,Hover,61.11,0.0,65.45,3.636111111,,,,,,,,,,
Ep_26,5.0,Calle_1 (2),High,Low,Hover,65.52,0.0,54.77,3.042777778,,,,,,,,,,
Ep_26,6.0,Calle_1 (6),High,Low,Hover,31.25,0.0,55.27,3.070555556,,,,,,,,,,
Ep_26,7.0,Calle_1,High,Low,Hover,54.84,0.0,60.31,3.350555556,,,,,,,,,,
Ep_26,8.0,Calle_1 (6),High,Low,Hover,50.0,0.0,229.35,12.74166667,,,,,,,,,,
Ep_26,9.0,Calle_1 (2),High,Low,Hover,63.83,0.0,55.03,3.057222222,,,,,,,,,,
Ep_26,10.0,Calle_1,High,Low,Hover,63.89,0.0,60.17,3.342777778,,,,,,,,,,
Ep_26,11.0,Calle_1 (4),High,Low,Hover,75.0,0.0,60.12,3.34,,,,,,,,,,
Ep_26,12.0,Calle_1,High,Low,Hover,75.0,0.0,59.6,3.311111111,,,,,,,,,,
Ep_26,13.0,Calle_1 (6),High,Low,Hover,64.29,0.0,55.05,3.058333333,,,,,,,,,,
Ep_26,14.0,Calle_1 (3),High,Low,Hover,26.32,0.0,55.07,3.059444444,,,,,,,,,,
Ep_26,15.0,Calle_1 (3),High,Low,Hover,66.67,0.0,55.43,3.079444444,,,,,,,,,,
Ep_26,16.0,Calle_1 (5),High,Low,Hover,50.0,0.0,60.24,3.346666667,,,,,,,,,,
Ep_26,17.0,Calle_1 (4),High,Low,Hover,56.25,0.0,55.04,3.057777778,,,,,,,,,,
Ep_26,18.0,Calle_1,High,Low,Hover,32.0,0.0,566.41,31.46722222,,,,,,,,,,
Ep_26,19.0,Calle_1 (4),High,Low,Hover,56.52,0.0,60.63,3.368333333,,,,,,,,,,
Ep_26,20.0,Calle_1 (6),High,Low,Hover,67.86,0.0,54.61,3.033888889,,,,,,,,,,
Ep_27,1.0,Calle_1 (4),High,Low,Micro,42.0,0.0,58.36,3.242222222,,,,,,,,,,
Ep_27,2.0,Calle_1,High,Low,Micro,46.15,0.0,58.47,3.248333333,,,,,,,,,,
Ep_27,3.0,Calle_1 (4),High,Low,Micro,63.64,0.0,58.31,3.239444444,,,,,,,,,,
Ep_27,4.0,Calle_1 (2),High,Low,Micro,35.0,0.0,59.05,3.280555556,,,,,,,,,,
Ep_27,5.0,Calle_1 (2),High,Low,Micro,51.52,0.0,58.46,3.247777778,,,,,,,,,,
Ep_27,6.0,Calle_1 (3),High,Low,Micro,26.67,0.0,59.59,3.310555556,,,,,,,,,,
Ep_27,7.0,Calle_1 (2),High,Low,Micro,55.17,0.0,59.06,3.281111111,,,,,,,,,,
Ep_27,8.0,Calle_1,High,Low,Micro,59.46,0.0,59.12,3.284444444,,,,,,,,,,
Ep_27,9.0,Calle_1 (5),High,Low,Micro,67.57,0.0,59.34,3.296666667,,,,,,,,,,
Ep_27,10.0,Calle_1 (1),High,Low,Micro,43.75,0.0,58.14,3.23,,,,,,,,,,
Ep_27,11.0,Calle_1 (5),High,Low,Micro,50.0,0.0,58.5,3.25,,,,,,,,,,
Ep_27,12.0,Calle_1 (4),High,Low,Micro,54.17,0.0,59.12,3.284444444,,,,,,,,,,
Ep_27,13.0,Calle_1 (1),High,Low,Micro,71.43,0.0,58.96,3.275555556,,,,,,,,,,
Ep_27,14.0,Calle_1 (5),High,Low,Micro,42.11,0.0,59.59,3.310555556,,,,,,,,,,
Ep_27,15.0,Calle_1 (3),High,Low,Micro,69.23,0.0,58.98,3.276666667,,,,,,,,,,
Ep_27,16.0,Calle_1,High,Low,Micro,57.14,0.0,59.05,3.280555556,,,,,,,,,,
Ep_27,17.0,Calle_1 (1),High,Low,Micro,51.85,0.0,58.97,3.276111111,,,,,,,,,,
Ep_27,18.0,Calle_1,High,Low,Micro,42.86,0.0,58.61,3.256111111,,,,,,,,,,
Ep_27,19.0,Calle_1 (6),High,Low,Micro,53.85,0.0,57.85,3.213888889,,,,,,,,,,
Ep_27,20.0,Calle_1 (3),High,Low,Micro,52.38,0.0,59.28,3.293333333,,,,,,,,,,
Ep_28,1.0,Calle_1 (5),High,Low,Skip,66.67,3.03,63.71,3.539444444,,,,,,,,,,
Ep_28,2.0,Calle_1 (5),High,Low,Skip,37.84,8.11,64.6,3.588888889,,,,,,,,,,
Ep_28,3.0,Calle_1 (5),High,Low,Skip,45.16,3.23,103.11,5.728333333,,,,,,,,,,
Ep_28,4.0,Calle_1 (3),High,Low,Skip,59.46,0.0,49.98,2.776666667,,,,,,,,,,
Ep_28,5.0,Calle_1,High,Low,Skip,60.71,0.0,55.41,3.078333333,,,,,,,,,,
Ep_28,6.0,Calle_1 (1),High,Low,Skip,25.93,11.11,120.03,6.668333333,,,,,,,,,,
Ep_28,7.0,Calle_1 (4),High,Low,Skip,56.67,0.0,111.34,6.185555556,,,,,,,,,,
Ep_28,8.0,Calle_1 (4),High,Low,Skip,40.54,8.11,107.16,5.953333333,,,,,,,,,,
Ep_28,9.0,Calle_1 (3),High,Low,Skip,57.5,5.0,88.39,4.910555556,,,,,,,,,,
Ep_28,10.0,Calle_1,High,Low,Skip,50.0,2.94,73.46,4.081111111,,,,,,,,,,
Ep_28,11.0,Calle_1 (5),High,Low,Skip,42.31,0.0,32.96,1.831111111,,,,,,,,,,
Ep_28,12.0,Calle_1 (5),High,Low,Skip,51.52,0.0,55.05,3.058333333,,,,,,,,,,
Ep_28,13.0,Calle_1 (5),High,Low,Skip,67.5,0.0,81.91,4.550555556,,,,,,,,,,
Ep_28,14.0,Calle_1 (2),High,Low,Skip,42.86,0.0,83.37,4.631666667,,,,,,,,,,
Ep_28,15.0,Calle_1 (6),High,Low,Skip,55.56,0.0,47.29,2.627222222,,,,,,,,,,
Ep_28,16.0,Calle_1 (1),High,Low,Skip,33.33,4.17,120.09,6.671666667,,,,,,,,,,
Ep_28,17.0,Calle_1 (3),High,Low,Skip,50.0,0.0,42.28,2.348888889,,,,,,,,,,
Ep_28,18.0,Calle_1 (3),High,Low,Skip,36.84,5.26,62.68,3.482222222,,,,,,,,,,
Ep_28,19.0,Calle_1 (3),High,Low,Skip,50.0,0.0,51.6,2.866666667,,,,,,,,,,
Ep_28,20.0,Calle_1 (4),High,Low,Skip,58.62,0.0,52.36,2.908888889,,,,,,,,,,
Ep_29,1.0,Calle_1 (4),High,Medium,Baseline,84.38,0.0,53.77,2.987222222,,,,,,,,,,
Ep_29,2.0,Calle_1 (1),High,Medium,Baseline,62.5,0.0,54.62,3.034444444,,,,,,,,,,
Ep_29,3.0,Calle_1 (6),High,Medium,Baseline,87.88,0.0,55.45,3.080555556,,,,,,,,,,
Ep_29,4.0,Calle_1 (1),High,Medium,Baseline,67.86,0.0,55.07,3.059444444,,,,,,,,,,
Ep_29,5.0,Calle_1 (5),High,Medium,Baseline,84.62,0.0,54.86,3.047777778,,,,,,,,,,
Ep_29,6.0,Calle_1,High,Medium,Baseline,80.0,0.0,54.65,3.036111111,,,,,,,,,,
Ep_29,7.0,Calle_1 (4),High,Medium,Baseline,81.25,0.0,55.25,3.069444444,,,,,,,,,,
Ep_29,8.0,Calle_1 (2),High,Medium,Baseline,85.71,0.0,54.71,3.039444444,,,,,,,,,,
Ep_29,9.0,Calle_1 (3),High,Medium,Baseline,90.32,0.0,55.32,3.073333333,,,,,,,,,,
Ep_29,10.0,Calle_1 (4),High,Medium,Baseline,68.42,0.0,54.87,3.048333333,,,,,,,,,,
Ep_29,11.0,Calle_1 (1),High,Medium,Baseline,75.0,0.0,55.31,3.072777778,,,,,,,,,,
Ep_29,12.0,Calle_1 (5),High,Medium,Baseline,80.0,0.0,54.69,3.038333333,,,,,,,,,,
Ep_29,13.0,Calle_1,High,Medium,Baseline,78.38,0.0,55.21,3.067222222,,,,,,,,,,
Ep_29,14.0,Calle_1 (3),High,Medium,Baseline,100.0,0.0,54.59,3.032777778,,,,,,,,,,
Ep_29,15.0,Calle_1 (6),High,Medium,Baseline,87.5,0.0,55.02,3.056666667,,,,,,,,,,
Ep_29,16.0,Calle_1 (2),High,Medium,Baseline,90.32,0.0,54.84,3.046666667,,,,,,,,,,
Ep_29,17.0,Calle_1 (4),High,Medium,Baseline,100.0,0.0,55.28,3.071111111,,,,,,,,,,
Ep_29,18.0,Calle_1 (2),High,Medium,Baseline,61.11,0.0,55.25,3.069444444,,,,,,,,,,
Ep_29,19.0,Calle_1 (1),High,Medium,Baseline,95.65,0.0,54.71,3.039444444,,,,,,,,,,
Ep_29,20.0,Calle_1 (5),High,Medium,Baseline,76.47,0.0,55.41,3.078333333,,,,,,,,,,
Ep_30,1.0,Calle_1 (5),High,Medium,Hover,86.11,0.0,50.54,2.807777778,,,,,,,,,,
Ep_30,2.0,Calle_1 (4),High,Medium,Hover,77.42,0.0,54.6,3.033333333,,,,,,,,,,
Ep_30,3.0,Calle_1 (6),High,Medium,Hover,90.48,0.0,54.83,3.046111111,,,,,,,,,,
Ep_30,4.0,Calle_1 (2),High,Medium,Hover,79.55,0.0,54.47,3.026111111,,,,,,,,,,
Ep_30,5.0,Calle_1,High,Medium,Hover,82.93,0.0,54.84,3.046666667,,,,,,,,,,
Ep_30,6.0,Calle_1 (3),High,Medium,Hover,68.42,0.0,55.53,3.085,,,,,,,,,,
Ep_30,7.0,Calle_1 (3),High,Medium,Hover,90.63,0.0,55.6,3.088888889,,,,,,,,,,
Ep_30,8.0,Calle_1 (5),High,Medium,Hover,71.88,0.0,54.83,3.046111111,,,,,,,,,,
Ep_30,9.0,Calle_1 (6),High,Medium,Hover,80.56,0.0,55.19,3.066111111,,,,,,,,,,
Ep_30,10.0,Calle_1 (1),High,Medium,Hover,77.42,0.0,54.82,3.045555556,,,,,,,,,,
Ep_30,11.0,Calle_1 (4),High,Medium,Hover,79.31,0.0,54.82,3.045555556,,,,,,,,,,
Ep_30,12.0,Calle_1 (5),High,Medium,Hover,82.14,0.0,54.65,3.036111111,,,,,,,,,,
Ep_30,13.0,Calle_1 (2),High,Medium,Hover,92.0,0.0,54.89,3.049444444,,,,,,,,,,
Ep_30,14.0,Calle_1 (4),High,Medium,Hover,83.33,0.0,55.26,3.07,,,,,,,,,,
Ep_30,15.0,Calle_1 (4),High,Medium,Hover,86.96,0.0,55.45,3.080555556,,,,,,,,,,
Ep_30,16.0,Calle_1,High,Medium,Hover,68.42,0.0,54.91,3.050555556,,,,,,,,,,
Ep_30,17.0,Calle_1 (3),High,Medium,Hover,80.77,0.0,55.63,3.090555556,,,,,,,,,,
Ep_30,18.0,Calle_1 (3),High,Medium,Hover,68.0,0.0,54.94,3.052222222,,,,,,,,,,
Ep_30,19.0,Calle_1 (4),High,Medium,Hover,90.91,0.0,54.93,3.051666667,,,,,,,,,,
Ep_30,20.0,Calle_1,High,Medium,Hover,92.86,0.0,55.06,3.058888889,,,,,,,,,,
Ep_31,1.0,Calle_1 (4),High,Medium,Micro,81.4,0.0,58.57,3.253888889,,,,,,,,,,
Ep_31,2.0,Calle_1 (4),High,Medium,Micro,78.57,0.0,58.82,3.267777778,,,,,,,,,,
Ep_31,3.0,Calle_1 (4),High,Medium,Micro,78.13,0.0,57.61,3.200555556,,,,,,,,,,
Ep_31,4.0,Calle_1 (2),High,Medium,Micro,65.52,0.0,58.98,3.276666667,,,,,,,,,,
Ep_31,5.0,Calle_1 (5),High,Medium,Micro,80.65,0.0,58.67,3.259444444,,,,,,,,,,
Ep_31,6.0,Calle_1 (1),High,Medium,Micro,86.49,0.0,59.54,3.307777778,,,,,,,,,,
Ep_31,7.0,Calle_1 (1),High,Medium,Micro,81.25,0.0,59.18,3.287777778,,,,,,,,,,
Ep_31,8.0,Calle_1 (1),High,Medium,Micro,90.91,0.0,59.5,3.305555556,,,,,,,,,,
Ep_31,9.0,Calle_1 (2),High,Medium,Micro,93.75,0.0,59.14,3.285555556,,,,,,,,,,
Ep_31,10.0,Calle_1 (4),High,Medium,Micro,77.42,0.0,58.21,3.233888889,,,,,,,,,,
Ep_31,11.0,Calle_1 (3),High,Medium,Micro,89.66,0.0,58.12,3.228888889,,,,,,,,,,
Ep_31,12.0,Calle_1 (2),High,Medium,Micro,59.09,0.0,59.0,3.277777778,,,,,,,,,,
Ep_31,13.0,Calle_1,High,Medium,Micro,87.1,0.0,58.89,3.271666667,,,,,,,,,,
Ep_31,14.0,Calle_1 (4),High,Medium,Micro,72.73,0.0,59.47,3.303888889,,,,,,,,,,
Ep_31,15.0,Calle_1 (1),High,Medium,Micro,85.19,0.0,59.46,3.303333333,,,,,,,,,,
Ep_31,16.0,Calle_1 (5),High,Medium,Micro,82.35,0.0,59.03,3.279444444,,,,,,,,,,
Ep_31,17.0,Calle_1 (3),High,Medium,Micro,86.67,0.0,58.25,3.236111111,,,,,,,,,,
Ep_31,18.0,Calle_1 (6),High,Medium,Micro,76.0,0.0,58.65,3.258333333,,,,,,,,,,
Ep_31,19.0,Calle_1 (2),High,Medium,Micro,62.96,0.0,57.93,3.218333333,,,,,,,,,,
Ep_31,20.0,Calle_1 (4),High,Medium,Micro,66.67,0.0,58.59,3.255,,,,,,,,,,
Ep_32,1.0,Calle_1 (3),High,Medium,Skip,84.62,0.0,50.77,2.820555556,,,,,,,,,,
Ep_32,2.0,Calle_1 (3),High,Medium,Skip,84.85,0.0,54.85,3.047222222,,,,,,,,,,
Ep_32,3.0,Calle_1,High,Medium,Skip,82.76,0.0,54.9,3.05,,,,,,,,,,
Ep_32,4.0,Calle_1 (5),High,Medium,Skip,91.67,0.0,54.84,3.046666667,,,,,,,,,,
Ep_32,5.0,Calle_1 (4),High,Medium,Skip,81.4,0.0,59.37,3.298333333,,,,,,,,,,
Ep_32,6.0,Calle_1 (2),High,Medium,Skip,56.0,20.0,126.35,7.019444444,,,,,,,,,,
Ep_32,7.0,Calle_1 (5),High,Medium,Skip,75.61,0.0,51.64,2.868888889,,,,,,,,,,
Ep_32,8.0,Calle_1,High,Medium,Skip,55.56,16.67,107.95,5.997222222,,,,,,,,,,
Ep_32,9.0,Calle_1 (4),High,Medium,Skip,82.22,0.0,34.5,1.916666667,,,,,,,,,,
Ep_32,10.0,Calle_1 (3),High,Medium,Skip,66.67,11.11,97.19,5.399444444,,,,,,,,,,
Ep_32,11.0,Calle_1 (1),High,Medium,Skip,82.86,0.0,39.09,2.171666667,,,,,,,,,,
Ep_32,12.0,Calle_1 (5),High,Medium,Skip,75.76,0.0,54.89,3.049444444,,,,,,,,,,
Ep_32,13.0,Calle_1 (6),High,Medium,Skip,84.21,0.0,55.76,3.097777778,,,,,,,,,,
Ep_32,14.0,Calle_1,High,Medium,Skip,56.0,24.0,122.32,6.795555556,,,,,,,,,,
Ep_32,15.0,Calle_1 (2),High,Medium,Skip,63.16,15.79,92.54,5.141111111,,,,,,,,,,
Ep_32,16.0,Calle_1 (3),High,Medium,Skip,54.29,20.0,113.86,6.325555556,,,,,,,,,,
Ep_32,17.0,Calle_1 (1),High,Medium,Skip,88.0,0.0,44.31,2.461666667,,,,,,,,,,
Ep_32,18.0,Calle_1,High,Medium,Skip,83.33,11.11,86.9,4.827777778,,,,,,,,,,
Ep_32,19.0,Calle_1 (6),High,Medium,Skip,66.67,0.0,30.74,1.707777778,,,,,,,,,,
Ep_32,20.0,Calle_1 (5),High,Medium,Skip,82.61,17.39,94.3,5.238888889,,,,,,,,,,
Ep_33,1.0,Calle_1 (3),High,High,Baseline,87.88,0.0,54.02,3.001111111,,,,,,,,,,
Ep_33,2.0,Calle_1 (3),High,High,Baseline,89.47,0.0,54.99,3.055,,,,,,,,,,
Ep_33,3.0,Calle_1,High,High,Baseline,72.97,0.0,54.9,3.05,,,,,,,,,,
Ep_33,4.0,Calle_1 (5),High,High,Baseline,65.63,0.0,54.8,3.044444444,,,,,,,,,,
Ep_33,5.0,Calle_1 (1),High,High,Baseline,65.12,0.0,55.51,3.083888889,,,,,,,,,,
Ep_33,6.0,Calle_1 (1),High,High,Baseline,72.73,0.0,54.53,3.029444444,,,,,,,,,,
Ep_33,7.0,Calle_1 (4),High,High,Baseline,80.77,0.0,55.37,3.076111111,,,,,,,,,,
Ep_33,8.0,Calle_1 (5),High,High,Baseline,57.5,0.0,54.93,3.051666667,,,,,,,,,,
Ep_33,9.0,Calle_1 (1),High,High,Baseline,87.1,0.0,55.17,3.065,,,,,,,,,,
Ep_33,10.0,Calle_1,High,High,Baseline,85.71,0.0,54.68,3.037777778,,,,,,,,,,
Ep_33,11.0,Calle_1 (4),High,High,Baseline,90.63,0.0,55.37,3.076111111,,,,,,,,,,
Ep_33,12.0,Calle_1 (2),High,High,Baseline,77.42,0.0,55.13,3.062777778,,,,,,,,,,
Ep_33,13.0,Calle_1 (1),High,High,Baseline,67.74,0.0,55.14,3.063333333,,,,,,,,,,
Ep_33,14.0,Calle_1 (6),High,High,Baseline,70.37,0.0,54.84,3.046666667,,,,,,,,,,
Ep_33,15.0,Calle_1 (1),High,High,Baseline,86.36,0.0,55.23,3.068333333,,,,,,,,,,
Ep_33,16.0,Calle_1 (4),High,High,Baseline,93.33,0.0,54.87,3.048333333,,,,,,,,,,
Ep_33,17.0,Calle_1 (5),High,High,Baseline,72.0,0.0,55.1,3.061111111,,,,,,,,,,
Ep_33,18.0,Calle_1 (6),High,High,Baseline,85.0,0.0,55.08,3.06,,,,,,,,,,
Ep_33,19.0,Calle_1,High,High,Baseline,68.97,0.0,55.44,3.08,,,,,,,,,,
Ep_33,20.0,Calle_1 (3),High,High,Baseline,88.89,0.0,54.73,3.040555556,,,,,,,,,,
Ep_34,1.0,Calle_1 (1),High,High,Hover,83.33,0.0,50.39,2.799444444,,,,,,,,,,
Ep_34,2.0,Calle_1 (4),High,High,Hover,75.68,0.0,54.99,3.055,,,,,,,,,,
Ep_34,3.0,Calle_1 (1),High,High,Hover,74.19,0.0,55.06,3.058888889,,,,,,,,,,
Ep_34,4.0,Calle_1 (1),High,High,Hover,75.0,0.0,54.87,3.048333333,,,,,,,,,,
Ep_34,5.0,Calle_1 (2),High,High,Hover,80.56,0.0,55.27,3.070555556,,,,,,,,,,
Ep_34,6.0,Calle_1 (2),High,High,Hover,88.24,0.0,55.14,3.063333333,,,,,,,,,,
Ep_34,7.0,Calle_1,High,High,Hover,79.31,0.0,55.08,3.06,,,,,,,,,,
Ep_34,8.0,Calle_1 (1),High,High,Hover,78.79,0.0,54.62,3.034444444,,,,,,,,,,
Ep_34,9.0,Calle_1 (4),High,High,Hover,78.38,0.0,55.09,3.060555556,,,,,,,,,,
Ep_34,10.0,Calle_1 (6),High,High,Hover,59.09,0.0,55.11,3.061666667,,,,,,,,,,
Ep_34,11.0,Calle_1 (6),High,High,Hover,73.08,0.0,55.49,3.082777778,,,,,,,,,,
Ep_34,12.0,Calle_1,High,High,Hover,82.76,0.0,55.18,3.065555556,,,,,,,,,,
Ep_34,13.0,Calle_1 (5),High,High,Hover,74.07,0.0,55.04,3.057777778,,,,,,,,,,
Ep_34,14.0,Calle_1 (5),High,High,Hover,78.57,0.0,54.86,3.047777778,,,,,,,,,,
Ep_34,15.0,Calle_1 (4),High,High,Hover,86.21,0.0,55.38,3.076666667,,,,,,,,,,
Ep_34,16.0,Calle_1,High,High,Hover,47.83,0.0,54.92,3.051111111,,,,,,,,,,
Ep_34,17.0,Calle_1 (3),High,High,Hover,80.65,0.0,55.39,3.077222222,,,,,,,,,,
Ep_34,18.0,Calle_1 (3),High,High,Hover,73.91,0.0,54.69,3.038333333,,,,,,,,,,
Ep_34,19.0,Calle_1 (3),High,High,Hover,81.82,0.0,55.13,3.062777778,,,,,,,,,,
Ep_34,20.0,Calle_1 (1),High,High,Hover,59.09,0.0,54.67,3.037222222,,,,,,,,,,
Ep_35,1.0,Calle_1,High,High,Micro,96.88,0.0,58.67,3.259444444,,,,,,,,,,
Ep_35,2.0,Calle_1 (6),High,High,Micro,67.74,0.0,58.84,3.268888889,,,,,,,,,,
Ep_35,3.0,Calle_1 (2),High,High,Micro,78.57,0.0,58.5,3.25,,,,,,,,,,
Ep_35,4.0,Calle_1,High,High,Micro,46.43,0.0,58.87,3.270555556,,,,,,,,,,
Ep_35,5.0,Calle_1 (6),High,High,Micro,57.5,0.0,58.77,3.265,,,,,,,,,,
Ep_35,6.0,Calle_1 (6),High,High,Micro,79.41,0.0,59.61,3.311666667,,,,,,,,,,
Ep_35,7.0,Calle_1 (3),High,High,Micro,82.86,0.0,58.83,3.268333333,,,,,,,,,,
Ep_35,8.0,Calle_1 (4),High,High,Micro,51.72,0.0,59.42,3.301111111,,,,,,,,,,
Ep_35,9.0,Calle_1 (3),High,High,Micro,93.94,0.0,58.86,3.27,,,,,,,,,,
Ep_35,10.0,Calle_1 (2),High,High,Micro,90.91,0.0,57.84,3.213333333,,,,,,,,,,
Ep_35,11.0,Calle_1 (6),High,High,Micro,77.5,0.0,58.16,3.231111111,,,,,,,,,,
Ep_35,12.0,Calle_1 (1),High,High,Micro,60.0,0.0,58.95,3.275,,,,,,,,,,
Ep_35,13.0,Calle_1 (6),High,High,Micro,68.97,0.0,59.18,3.287777778,,,,,,,,,,
Ep_35,14.0,Calle_1 (1),High,High,Micro,70.83,0.0,59.69,3.316111111,,,,,,,,,,
Ep_35,15.0,Calle_1 (3),High,High,Micro,83.33,0.0,59.38,3.298888889,,,,,,,,,,
Ep_35,16.0,Calle_1 (3),High,High,Micro,95.45,0.0,59.58,3.31,,,,,,,,,,
Ep_35,17.0,Calle_1 (4),High,High,Micro,79.31,0.0,58.92,3.273333333,,,,,,,,,,
Ep_35,18.0,Calle_1 (5),High,High,Micro,71.43,0.0,58.47,3.248333333,,,,,,,,,,
Ep_35,19.0,Calle_1,High,High,Micro,59.26,0.0,58.05,3.225,,,,,,,,,,
Ep_35,20.0,Calle_1 (2),High,High,Micro,48.15,0.0,58.84,3.268888889,,,,,,,,,,
Ep_36,1.0,Calle_1 (3),High,High,Skip,73.17,0.0,49.98,2.776666667,,,,,,,,,,
Ep_36,2.0,Calle_1 (2),High,High,Skip,100.0,0.0,54.8,3.044444444,,,,,,,,,,
Ep_36,3.0,Calle_1 (1),High,High,Skip,69.7,6.06,84.74,4.707777778,,,,,,,,,,
Ep_36,4.0,Calle_1 (6),High,High,Skip,72.22,0.0,33.14,1.841111111,,,,,,,,,,
Ep_36,5.0,Calle_1 (3),High,High,Skip,83.33,0.0,54.9,3.05,,,,,,,,,,
Ep_36,6.0,Calle_1 (3),High,High,Skip,80.77,11.54,79.37,4.409444444,,,,,,,,,,
Ep_36,7.0,Calle_1 (1),High,High,Skip,73.17,7.32,109.73,6.096111111,,,,,,,,,,
Ep_36,8.0,Calle_1 (1),High,High,Skip,50.0,35.0,135.86,7.547777778,,,,,,,,,,
Ep_36,9.0,Calle_1 (1),High,High,Skip,83.33,2.38,60.81,3.378333333,,,,,,,,,,
Ep_36,10.0,Calle_1,High,High,Skip,64.0,8.0,52.88,2.937777778,,,,,,,,,,
Ep_36,11.0,Calle_1 (1),High,High,Skip,87.88,6.06,89.11,4.950555556,,,,,,,,,,
Ep_36,12.0,Calle_1 (1),High,High,Skip,90.24,2.44,62.71,3.483888889,,,,,,,,,,
Ep_36,13.0,Calle_1 (4),High,High,Skip,74.19,3.23,58.31,3.239444444,,,,,,,,,,
Ep_36,14.0,Calle_1 (2),High,High,Skip,80.0,20.0,71.74,3.985555556,,,,,,,,,,
Ep_36,15.0,Calle_1 (3),High,High,Skip,82.61,0.0,48.89,2.716111111,,,,,,,,,,
Ep_36,16.0,Calle_1,High,High,Skip,70.0,10.0,108.8,6.044444444,,,,,,,,,,
Ep_36,17.0,Calle_1 (3),High,High,Skip,90.0,0.0,35.1,1.95,,,,,,,,,,
Ep_36,18.0,Calle_1 (3),High,High,Skip,73.08,3.85,83.68,4.648888889,,,,,,,,,,
Ep_36,19.0,Calle_1 (6),High,High,Skip,69.57,0.0,44.45,2.469444444,,,,,,,,,,
Ep_36,20.0,Calle_1 (3),High,High,Skip,69.57,0.0,54.66,3.036666667,,,,,,,,,,
